w,i
550.046521,23
550.1345127,20
550.2225039,22
550.3104946,22
550.3984849,27
550.4864747,28
550.574464,25
550.6624529,25
550.7504412,26
550.8384291,22
550.9264166,26
551.0144035,22
551.10239,26
551.190376,31
551.2783615,29
551.3663466,27
551.4543312,23
551.5423153,30
551.6302989,23
551.7182821,30
551.8062647,29
551.8942469,28
551.9822287,28
552.0702099,30
552.1581907,30
552.246171,28
552.3341508,34
552.4221302,29
552.510109,33
552.5980874,31
552.6860653,27
552.7740428,35
552.8620197,36
552.9499962,34
553.0379722,35
553.1259477,37
553.2139228,34
553.3018973,35
553.3898714,31
553.477845,31
553.5658181,37
553.6537908,35
553.7417629,36
553.8297346,34
553.9177058,35
554.0056766,37
554.0936468,32
554.1816166,36
554.2695859,35
554.3575547,31
554.445523,37
554.5334908,38
554.6214582,40
554.7094251,36
554.7973915,38
554.8853574,37
554.9733228,43
555.0612878,36
555.1492522,41
555.2372162,39
555.3251797,41
555.4131427,39
555.5011053,36
555.5890673,40
555.6770289,38
555.76499,38
555.8529506,39
555.9409107,38
556.0288703,41
556.1168295,37
556.2047881,39
556.2927463,42
556.380704,38
556.4686612,36
556.5566179,45
556.6445741,38
556.7325299,48
556.8204852,44
556.9084399,41
556.9963942,47
557.084348,46
557.1723014,48
557.2602542,46
557.3482065,48
557.4361584,45
557.5241097,47
557.6120606,51
557.700011,48
557.7879609,44
557.8759103,51
557.9638593,47
558.0518077,51
558.1397557,48
558.2277031,50
558.3156501,50
558.4035966,51
558.4915426,56
558.5794881,53
558.6674331,48
558.7553776,49
558.8433216,57
558.9312652,51
559.0192082,50
559.1071508,54
559.1950929,54
559.2830345,56
559.3709755,56
559.4589161,57
559.5468563,59
559.6347959,58
559.722735,60
559.8106736,58
559.8986118,59
559.9865494,61
560.0744866,56
560.1624232,58
560.2503594,61
560.338295,61
560.4262302,57
560.5141649,69
560.6020991,62
560.6900328,61
560.777966,64
560.8658987,62
560.9538309,61
561.0417626,65
561.1296939,65
561.2176246,66
561.3055548,69
561.3934846,66
561.4814138,68
561.5693426,67
561.6572708,72
561.7451986,69
561.8331258,68
561.9210526,69
562.0089789,72
562.0969046,70
562.1848299,73
562.2727547,73
562.360679,73
562.4486027,71
562.536526,74
562.6244488,79
562.7123711,77
562.8002929,75
562.8882142,80
562.976135,80
563.0640552,77
563.151975,83
563.2398943,78
563.3278131,84
563.4157314,81
563.5036492,82
563.5915665,83
563.6794833,88
563.7673996,82
563.8553154,82
563.9432307,81
564.0311455,80
564.1190598,89
564.2069735,90
564.2948868,92
564.3827996,89
564.4707119,95
564.5586237,96
564.646535,87
564.7344457,92
564.822356,86
564.9102658,91
564.9981751,94
565.0860838,93
565.1739921,94
565.2618998,96
565.3498071,102
565.4377138,98
565.5256201,94
565.6135258,100
565.7014311,99
565.7893358,95
565.87724,103
565.9651438,106
566.053047,108
566.1409497,109
566.2288519,108
566.3167536,109
566.4046548,107
566.4925555,112
566.5804557,110
566.6683554,106
566.7562546,109
566.8441532,108
566.9320514,111
567.019949,112
567.1078462,113
567.1957428,113
567.2836389,116
567.3715346,118
567.4594297,113
567.5473243,125
567.6352184,122
567.723112,116
567.8110051,118
567.8988976,122
567.9867897,121
568.0746813,128
568.1625723,124
568.2504628,128
568.3383529,127
568.4262424,132
568.5141314,132
568.6020199,137
568.6899079,133
568.7777953,134
568.8656823,132
568.9535687,141
569.0414547,139
569.1293401,142
569.217225,141
569.3051094,143
569.3929933,140
569.4808767,148
569.5687596,151
569.656642,150
569.7445238,149
569.8324051,154
569.9202859,165
570.0081663,152
570.096046,162
570.1839253,166
570.2718041,169
570.3596823,171
570.4475601,179
570.5354373,179
570.623314,180
570.7111902,185
570.7990659,197
570.8869411,194
570.9748157,192
571.0626898,206
571.1505635,215
571.2384366,215
571.3263091,230
571.4141812,230
571.5020528,239
571.5899238,237
571.6777943,252
571.7656643,260
571.8535338,255
571.9414028,267
572.0292712,277
572.1171392,282
572.2050066,292
572.2928735,307
572.3807399,325
572.4686057,353
572.5564711,368
572.6443359,420
572.7322002,451
572.820064,502
572.9079273,582
572.99579,698
573.0836523,879
573.171514,1135
573.2593752,1747
573.3472358,3283
573.435096,9905
573.5229556,48789
573.6108147,64928
573.6986733,58546
573.7865314,21792
573.8743889,5729
573.962246,2264
574.0501025,1281
574.1379585,923
574.2258139,720
574.3136689,613
574.4015233,533
574.4893772,481
574.5772305,441
574.6650834,403
574.7529357,400
574.8407875,369
574.9286388,361
575.0164896,352
575.1043398,350
575.1921895,331
575.2800387,343
575.3678873,337
575.4557355,341
575.5435831,341
575.6314302,339
575.7192767,327
575.8071228,341
575.8949683,348
575.9828133,331
576.0706577,344
576.1585017,344
576.2463451,339
576.334188,340
576.4220303,351
576.5098722,348
576.5977135,347
576.6855542,350
576.7733945,337
576.8612342,348
576.9490734,337
577.0369121,340
577.1247502,342
577.2125878,345
577.3004249,342
577.3882615,330
577.4760975,335
577.563933,340
577.6517679,323
577.7396024,337
577.8274363,317
577.9152697,324
578.0031025,313
578.0909349,322
578.1787666,315
578.2665979,313
578.3544286,314
578.4422588,314
578.5300885,308
578.6179177,306
578.7057463,309
578.7935743,291
578.8814019,308
578.9692289,298
579.0570554,298
579.1448813,297
579.2327068,308
579.3205316,301
579.408356,298
579.4961798,303
579.5840031,296
579.6718259,298
579.7596481,296
579.8474698,289
579.9352909,296
580.0231115,296
580.1109316,298
580.1987512,301
580.2865702,293
580.3743887,288
580.4622066,295
580.5500241,296
580.6378409,294
580.7256573,300
580.8134731,297
580.9012884,297
580.9891031,300
581.0769173,300
581.164731,301
581.2525441,304
581.3403567,301
581.4281688,312
581.5159803,307
581.6037913,309
581.6916017,309
581.7794116,307
581.867221,315
581.9550298,319
582.0428381,307
582.1306459,316
582.2184531,310
582.3062598,303
582.3940659,319
582.4818715,309
582.5696766,318
582.6574811,323
582.7452851,322
582.8330886,315
582.9208915,310
583.0086938,314
583.0964957,315
583.1842969,325
583.2720977,321
583.3598979,331
583.4476976,322
583.5354967,327
583.6232953,318
583.7110933,330
583.7988908,332
583.8866878,325
583.9744842,331
584.0622801,334
584.1500754,326
584.2378702,324
584.3256644,337
584.4134582,332
584.5012513,333
584.5890439,339
584.676836,334
584.7646275,337
584.8524185,347
584.940209,340
585.0279989,341
585.1157882,339
585.2035771,345
585.2913653,351
585.3791531,339
585.4669402,350
585.5547269,342
585.642513,343
585.7302985,348
585.8180835,359
585.905868,345
585.9936519,364
586.0814352,349
586.169218,360
586.2570003,355
586.344782,346
586.4325632,355
586.5203438,360
586.6081239,358
586.6959034,358
586.7836824,365
586.8714609,364
586.9592387,367
587.0470161,364
587.1347929,366
587.2225691,368
587.3103448,374
587.39812,384
587.4858946,375
587.5736686,374
587.6614421,379
587.7492151,372
587.8369875,374
587.9247593,380
588.0125306,378
588.1003014,388
588.1880716,381
588.2758412,389
588.3636103,392
588.4513789,389
588.5391469,401
588.6269143,379
588.7146812,390
588.8024475,384
588.8902133,389
588.9779786,399
589.0657432,392
589.1535074,406
589.241271,399
589.329034,401
589.4167965,398
589.5045584,390
589.5923198,400
589.6800806,400
589.7678408,406
589.8556005,397
589.9433597,404
590.0311183,400
590.1188763,411
590.2066338,408
590.2943908,403
590.3821471,410
590.469903,398
590.5576582,397
590.645413,414
590.7331671,409
590.8209207,420
590.9086738,400
590.9964263,411
591.0841782,409
591.1719296,415
591.2596804,413
591.3474307,414
591.4351804,411
591.5229295,410
591.6106781,412
591.6984261,410
591.7861736,409
591.8739205,417
591.9616669,412
592.0494127,405
592.1371579,425
592.2249026,410
592.3126468,417
592.4003903,418
592.4881333,416
592.5758758,414
592.6636177,423
592.751359,403
592.8390998,412
592.92684,412
593.0145796,419
593.1023187,418
593.1900573,430
593.2777952,430
593.3655326,412
593.4532695,424
593.5410058,415
593.6287415,419
593.7164766,410
593.8042112,423
593.8919453,421
593.9796788,427
594.0674117,419
594.155144,429
594.2428758,424
594.330607,423
594.4183377,420
594.5060678,420
594.5937973,434
594.6815263,419
594.7692547,423
594.8569825,429
594.9447098,428
595.0324365,434
595.1201627,423
595.2078883,428
595.2956133,428
595.3833377,433
595.4710616,448
595.558785,435
595.6465077,426
595.7342299,426
595.8219515,434
595.9096726,449
595.9973931,437
596.085113,438
596.1728324,430
596.2605512,440
596.3482694,440
596.435987,442
596.5237041,439
596.6114207,438
596.6991366,450
596.786852,452
596.8745668,458
596.9622811,437
597.0499948,456
597.1377079,446
597.2254204,453
597.3131324,454
597.4008438,457
597.4885546,454
597.5762649,459
597.6639746,451
597.7516837,448
597.8393923,456
597.9271003,448
598.0148077,453
598.1025146,469
598.1902208,448
598.2779265,465
598.3656317,462
598.4533362,460
598.5410402,467
598.6287436,472
598.7164465,462
598.8041488,459
598.8918505,465
598.9795516,453
599.0672522,468
599.1549521,462
599.2426515,476
599.3303504,471
599.4180487,468
599.5057463,468
599.5934435,473
599.68114,478
599.768836,473
599.8565314,483
599.9442262,479
600.0319204,477
600.1196141,480
600.2073072,483
600.2949997,486
600.3826917,490
600.4703831,484
600.5580738,496
600.6457641,499
600.7334537,486
600.8211428,485
600.9088313,496
600.9965192,501
601.0842065,490
601.1718933,502
601.2595795,493
601.3472651,496
601.4349501,509
601.5226346,511
601.6103184,518
601.6980017,508
601.7856844,522
601.8733666,519
601.9610481,513
602.0487291,524
602.1364095,537
602.2240894,536
602.3117686,528
602.3994473,539
602.4871253,534
602.5748029,545
602.6624798,550
602.7501561,556
602.8378319,558
602.9255071,562
603.0131817,572
603.1008557,563
603.1885291,557
603.276202,557
603.3638743,556
603.451546,566
603.5392171,564
603.6268876,557
603.7145576,561
603.802227,563
603.8898958,570
603.977564,570
604.0652316,563
604.1528986,574
604.2405651,577
604.3282309,568
604.4158962,581
604.5035609,578
604.5912251,583
604.6788886,573
604.7665516,598
604.8542139,601
604.9418757,588
605.0295369,589
605.1171975,599
605.2048576,604
605.292517,607
605.3801759,620
605.4678341,615
605.5554918,630
605.6431489,629
605.7308054,635
605.8184614,645
605.9061167,644
605.9937715,638
606.0814256,642
606.1690792,649
606.2567322,653
606.3443846,648
606.4320364,650
606.5196877,654
606.6073383,666
606.6949884,673
606.7826378,673
606.8702867,677
606.957935,684
607.0455827,682
607.1332298,700
607.2208763,693
607.3085223,696
607.3961676,703
607.4838124,702
607.5714565,699
607.6591001,722
607.7467431,725
607.8343855,716
607.9220273,728
608.0096685,735
608.0973091,734
608.1849492,733
608.2725886,758
608.3602274,760
608.4478657,752
608.5355034,765
608.6231404,753
608.7107769,769
608.7984128,765
608.8860481,768
608.9736828,764
609.0613169,754
609.1489504,762
609.2365833,768
609.3242157,767
609.4118474,767
609.4994785,765
609.5871091,770
609.674739,760
609.7623684,768
609.8499972,763
609.9376253,790
610.0252529,784
610.1128799,789
610.2005063,769
610.288132,778
610.3757572,801
610.4633818,814
610.5510058,789
610.6386292,790
610.726252,810
610.8138743,823
610.9014959,798
610.9891169,811
611.0767373,823
611.1643571,824
611.2519764,830
611.339595,834
611.427213,847
611.5148305,843
611.6024473,858
611.6900635,832
611.7776792,869
611.8652942,857
611.9529086,856
612.0405225,878
612.1281357,903
612.2157484,893
612.3033604,895
612.3909719,906
612.4785827,931
612.5661929,911
612.6538026,930
612.7414116,947
612.8290201,959
612.9166279,964
613.0042352,995
613.0918418,1024
613.1794478,1038
613.2670533,1065
613.3546581,1058
613.4422623,1044
613.529866,1044
613.617469,1036
613.7050714,1034
613.7926732,1018
613.8802745,1012
613.9678751,991
614.0554751,982
614.1430745,980
614.2306733,996
614.3182715,968
614.4058691,968
614.4934661,971
614.5810625,975
614.6686583,975
614.7562535,954
614.8438481,949
614.931442,941
615.0190354,924
615.1066282,919
615.1942203,899
615.2818119,900
615.3694028,886
615.4569932,890
615.5445829,869
615.632172,866
615.7197606,842
615.8073485,838
615.8949358,829
615.9825225,824
616.0701086,825
616.1576941,819
616.245279,815
616.3328632,818
616.4204469,811
616.5080299,817
616.5956124,830
616.6831942,794
616.7707755,804
616.8583561,802
616.9459361,814
617.0335155,789
617.1210943,792
617.2086725,808
617.2962501,803
617.383827,801
617.4714034,797
617.5589791,799
617.6465543,805
617.7341288,813
617.8217027,806
617.909276,796
617.9968487,794
618.0844208,792
618.1719923,806
618.2595631,792
618.3471334,811
618.434703,797
618.522272,805
618.6098404,806
618.6974082,816
618.7849754,830
618.872542,805
618.9601079,806
619.0476733,813
619.135238,793
619.2228021,814
619.3103656,791
619.3979285,818
619.4854908,811
619.5730525,816
619.6606135,811
619.7481739,813
619.8357338,813
619.923293,817
620.0108515,818
620.0984095,812
620.1859669,802
620.2735236,817
620.3610797,803
620.4486353,806
620.5361901,828
620.6237444,804
620.7112981,830
620.7988511,823
620.8864036,835
620.9739554,836
621.0615066,871
621.1490571,883
621.2366071,897
621.3241564,850
621.4117052,793
621.4992533,765
621.5868007,747
621.6743476,733
621.7618939,713
621.8494395,715
621.9369845,700
622.0245289,707
622.1120727,698
622.1996158,702
622.2871583,711
622.3747002,704
622.4622415,706
622.5497822,712
622.6373223,714
622.7248617,708
622.8124005,702
622.8999387,710
622.9874763,713
623.0750132,704
623.1625495,717
623.2500852,701
623.3376203,717
623.4251548,706
623.5126886,730
623.6002218,718
623.6877544,716
623.7752864,727
623.8628177,727
623.9503484,714
624.0378785,717
624.125408,720
624.2129369,719
624.3004651,724
624.3879927,719
624.4755197,724
624.563046,735
624.6505718,732
624.7380969,719
624.8256214,724
624.9131452,730
625.0006684,721
625.0881911,708
625.175713,741
625.2632344,752
625.3507551,740
625.4382752,727
625.5257947,745
625.6133135,744
625.7008318,736
625.7883494,742
625.8758663,735
625.9633827,745
626.0508984,753
626.1384135,734
626.2259279,749
626.3134418,745
626.400955,741
626.4884675,755
626.5759795,766
626.6634908,751
626.7510015,747
626.8385115,756
626.926021,752
627.0135298,749
627.101038,744
627.1885455,759
627.2760524,746
627.3635587,755
627.4510643,770
627.5385694,770
627.6260738,765
627.7135775,781
627.8010806,776
627.8885831,769
627.976085,781
628.0635862,763
628.1510869,766
628.2385868,774
628.3260862,768
628.4135849,772
628.5010829,771
628.5885804,794
628.6760772,782
628.7635734,781
628.8510689,785
628.9385638,792
629.0260581,785
629.1135518,792
629.2010448,787
629.2885371,786
629.3760289,774
629.46352,783
629.5510105,802
629.6385003,791
629.7259895,801
629.8134781,820
629.900966,796
629.9884533,794
630.07594,784
630.163426,818
630.2509114,800
630.3383962,795
630.4258803,795
630.5133638,806
630.6008466,808
630.6883288,800
630.7758104,820
630.8632913,814
630.9507716,823
631.0382513,814
631.1257303,817
631.2132087,828
631.3006864,818
631.3881636,829
631.47564,811
631.5631159,817
631.6505911,823
631.7380656,846
631.8255395,829
631.9130128,838
632.0004854,836
632.0879574,827
632.1754288,841
632.2628995,840
632.3503696,825
632.437839,843
632.5253078,840
632.612776,841
632.7002435,853
632.7877104,835
632.8751766,854
632.9626422,845
633.0501072,856
633.1375715,857
633.2250351,869
633.3124982,845
633.3999606,860
633.4874223,884
633.5748834,870
633.6623439,880
633.7498037,885
633.8372628,868
633.9247214,879
634.0121792,886
634.0996365,899
634.1870931,901
634.274549,900
634.3620043,900
634.449459,907
634.536913,897
634.6243664,908
634.7118191,906
634.7992712,908
634.8867227,904
634.9741734,917
635.0616236,926
635.1490731,931
635.236522,955
635.3239702,949
635.4114177,935
635.4988647,960
635.5863109,949
635.6737565,962
635.7612015,974
635.8486459,961
635.9360895,968
636.0235326,999
636.110975,974
636.1984167,995
636.2858578,994
636.3732982,1017
636.460738,1021
636.5481772,1025
636.6356157,1032
636.7230535,1045
636.8104907,1039
636.8979273,1057
636.9853632,1072
637.0727984,1084
637.160233,1079
637.247667,1115
637.3351003,1103
637.4225329,1126
637.5099649,1141
637.5973963,1158
637.684827,1178
637.772257,1172
637.8596864,1196
637.9471152,1231
638.0345433,1244
638.1219707,1246
638.2093975,1277
638.2968237,1296
638.3842491,1333
638.471674,1314
638.5590982,1361
638.6465217,1369
638.7339446,1372
638.8213668,1371
638.9087884,1387
638.9962093,1407
639.0836295,1404
639.1710492,1418
639.2584681,1411
639.3458864,1400
639.4333041,1401
639.520721,1403
639.6081374,1377
639.6955531,1379
639.7829681,1373
639.8703825,1350
639.9577962,1360
640.0452092,1329
640.1326216,1323
640.2200334,1329
640.3074445,1309
640.3948549,1301
640.4822647,1271
640.5696738,1276
640.6570823,1278
640.7444901,1252
640.8318973,1252
640.9193038,1253
641.0067096,1247
641.0941148,1241
641.1815193,1223
641.2689232,1228
641.3563264,1220
641.4437289,1189
641.5311308,1215
641.618532,1205
641.7059326,1209
641.7933325,1194
641.8807318,1189
641.9681304,1186
642.0555283,1206
642.1429256,1184
642.2303222,1178
642.3177181,1160
642.4051134,1189
642.4925081,1170
642.5799021,1183
642.6672954,1166
642.754688,1166
642.84208,1164
642.9294713,1185
643.016862,1177
643.104252,1161
643.1916413,1153
643.27903,1165
643.366418,1164
643.4538054,1161
643.5411921,1164
643.6285781,1169
643.7159635,1158
643.8033482,1168
643.8907322,1185
643.9781156,1174
644.0654983,1180
644.1528804,1174
644.2402618,1170
644.3276425,1177
644.4150226,1185
644.5024019,1181
644.5897807,1164
644.6771587,1181
644.7645361,1180
644.8519129,1153
644.9392889,1174
645.0266643,1194
645.1140391,1185
645.2014132,1182
645.2887866,1182
645.3761593,1186
645.4635314,1208
645.5509028,1209
645.6382735,1197
645.7256436,1199
645.813013,1190
645.9003817,1193
645.9877498,1195
646.0751172,1201
646.1624839,1199
646.24985,1217
646.3372154,1202
646.4245801,1194
646.5119442,1209
646.5993076,1192
646.6866703,1222
646.7740324,1207
646.8613937,1217
646.9487545,1220
647.0361145,1228
647.1234739,1231
647.2108326,1243
647.2981906,1242
647.385548,1241
647.4729047,1246
647.5602607,1234
647.6476161,1237
647.7349707,1241
647.8223248,1229
647.9096781,1237
647.9970308,1245
648.0843828,1249
648.1717341,1256
648.2590847,1251
648.3464347,1277
648.433784,1268
648.5211327,1239
648.6084806,1284
648.6958279,1277
648.7831745,1310
648.8705205,1292
648.9578657,1276
649.0452103,1301
649.1325543,1290
649.2198975,1263
649.3072401,1284
649.394582,1296
649.4819232,1287
649.5692638,1308
649.6566036,1291
649.7439428,1320
649.8312814,1298
649.9186192,1320
650.0059564,1299
650.0932929,1311
650.1806287,1309
650.2679639,1332
650.3552983,1312
650.4426321,1318
650.5299652,1328
650.6172977,1309
650.7046294,1337
650.7919605,1345
650.8792909,1328
650.9666207,1338
651.0539497,1343
651.1412781,1343
651.2286058,1353
651.3159328,1358
651.4032592,1352
651.4905848,1374
651.5779098,1346
651.6652341,1348
651.7525577,1360
651.8398807,1362
651.927203,1369
652.0145245,1383
652.1018455,1378
652.1891657,1357
652.2764852,1402
652.3638041,1387
652.4511223,1382
652.5384398,1378
652.6257566,1392
652.7130728,1378
652.8003882,1393
652.887703,1397
652.9750171,1388
653.0623305,1410
653.1496433,1405
653.2369553,1406
653.3242667,1412
653.4115774,1416
653.4988874,1402
653.5861967,1423
653.6735054,1442
653.7608133,1427
653.8481206,1424
653.9354272,1457
654.0227331,1424
654.1100383,1444
654.1973429,1444
654.2846467,1446
654.3719499,1465
654.4592524,1460
654.5465542,1455
654.6338553,1443
654.7211557,1481
654.8084555,1493
654.8957546,1467
654.9830529,1490
655.0703506,1480
655.1576476,1483
655.244944,1493
655.3322396,1522
655.4195345,1513
655.5068288,1504
655.5941224,1508
655.6814153,1522
655.7687075,1519
655.855999,1559
655.9432898,1543
656.0305799,1541
656.1178694,1555
656.2051581,1561
656.2924462,1573
656.3797336,1548
656.4670203,1583
656.5543063,1570
656.6415916,1559
656.7288763,1587
656.8161602,1571
656.9034435,1604
656.990726,1584
657.0780079,1607
657.1652891,1624
657.2525696,1625
657.3398494,1628
657.4271285,1624
657.5144069,1632
657.6016846,1644
657.6889617,1651
657.776238,1675
657.8635137,1652
657.9507886,1666
658.0380629,1677
658.1253365,1678
658.2126094,1689
658.2998816,1683
658.3871531,1700
658.4744239,1701
658.561694,1690
658.6489635,1726
658.7362322,1714
658.8235002,1736
658.9107676,1729
658.9980342,1734
659.0853002,1734
659.1725655,1734
659.25983,1753
659.3470939,1772
659.4343571,1739
659.5216196,1762
659.6088814,1769
659.6961425,1768
659.7834029,1772
659.8706626,1749
659.9579216,1779
660.0451799,1794
660.1324376,1789
660.2196945,1794
660.3069507,1804
660.3942062,1819
660.4814611,1790
660.5687152,1805
660.6559687,1807
660.7432214,1815
660.8304735,1813
660.9177248,1809
661.0049755,1828
661.0922254,1803
661.1794747,1832
661.2667233,1819
661.3539711,1827
661.4412183,1804
661.5284647,1812
661.6157105,1831
661.7029556,1814
661.7901999,1833
661.8774436,1829
661.9646866,1826
662.0519289,1832
662.1391704,1817
662.2264113,1838
662.3136515,1825
662.4008909,1848
662.4881297,1822
662.5753678,1853
662.6626051,1813
662.7498418,1830
662.8370778,1829
662.924313,1825
663.0115476,1821
663.0987815,1825
663.1860146,1838
663.2732471,1836
663.3604788,1840
663.4477099,1812
663.5349402,1809
663.6221699,1815
663.7093988,1846
663.7966271,1817
663.8838546,1837
663.9710814,1828
664.0583076,1804
664.145533,1839
664.2327577,1819
664.3199817,1828
664.4072051,1834
664.4944277,1820
664.5817278,1745
664.6695807,1707
664.7574331,1721
664.845285,1730
664.9331364,1717
665.0209872,1748
665.1088376,1724
665.1966874,1732
665.2845367,1722
665.3723855,1727
665.4602338,1749
665.5480815,1729
665.6359287,1730
665.7237755,1735
665.8116216,1716
665.8994673,1714
665.9873125,1706
666.0751571,1699
666.1630012,1708
666.2508448,1712
666.3386879,1702
666.4265304,1697
666.5143725,1706
666.602214,1708
666.690055,1706
666.7778954,1694
666.8657354,1693
666.9535748,1707
667.0414137,1700
667.1292521,1717
667.2170899,1707
667.3049273,1704
667.3927641,1698
667.4806004,1717
667.5684361,1717
667.6562714,1708
667.7441061,1703
667.8319403,1700
667.919774,1704
668.0076071,1705
668.0954397,1702
668.1832718,1724
668.2711034,1697
668.3589345,1719
668.446765,1693
668.534595,1718
668.6224245,1714
668.7102534,1726
668.7980819,1694
668.8859098,1705
668.9737371,1717
669.061564,1721
669.1493903,1702
669.2372161,1706
669.3250414,1728
669.4128661,1740
669.5006903,1715
669.588514,1733
669.6763372,1704
669.7641598,1731
669.8519819,1731
669.9398035,1694
670.0276246,1738
670.1154451,1725
670.2032651,1750
670.2910846,1721
670.3789035,1746
670.4667219,1743
670.5545398,1758
670.6423571,1748
670.730174,1740
670.8179903,1759
670.905806,1749
670.9936212,1761
671.081436,1749
671.1692501,1783
671.2570638,1759
671.3448769,1762
671.4326895,1785
671.5205015,1785
671.608313,1770
671.696124,1758
671.7839345,1791
671.8717444,1777
671.9595538,1804
672.0473626,1777
672.135171,1793
672.2229788,1771
672.310786,1795
672.3985927,1812
672.4863989,1812
672.5742046,1815
672.6620097,1788
672.7498143,1836
672.8376184,1814
672.9254219,1814
673.0132249,1808
673.1010274,1841
673.1888293,1822
673.2766307,1840
673.3644315,1834
673.4522319,1825
673.5400317,1817
673.6278309,1827
673.7156296,1851
673.8034278,1847
673.8912254,1844
673.9790225,1848
674.0668191,1848
674.1546151,1842
674.2424106,1841
674.3302056,1854
674.418,1864
674.5057939,1872
674.5935873,1857
674.6813801,1852
674.7691723,1882
674.8569641,1854
674.9447553,1860
675.0325459,1879
675.1203361,1892
675.2081256,1860
675.2959147,1900
675.3837032,1882
675.4714912,1896
675.5592786,1868
675.6470655,1875
675.7348518,1873
675.8226376,1876
675.9104229,1881
675.9982076,1913
676.0859918,1887
676.1737755,1905
676.2615586,1898
676.3493411,1893
676.4371231,1892
676.5249046,1878
676.6126856,1922
676.700466,1903
676.7882458,1908
676.8760251,1920
676.9638039,1909
677.0515821,1909
677.1393598,1897
677.227137,1908
677.3149136,1917
677.4026896,1928
677.4904652,1939
677.5782401,1866
677.6660146,1926
677.7537884,1914
677.8415618,1925
677.9293346,1903
678.0171068,1928
678.1048785,1942
678.1926497,1910
678.2804203,1935
678.3681904,1910
678.4559599,1936
678.5437289,1932
678.6314973,1930
678.7192652,1952
678.8070326,1958
678.8947994,1961
678.9825656,1941
679.0703313,1964
679.1580965,1921
679.2458611,1935
679.3336252,1937
679.4213887,1955
679.5091516,1977
679.5969141,1963
679.6846759,1946
679.7724373,1952
679.860198,1973
679.9479583,1962
680.035718,1985
680.1234771,1951
680.2112357,1981
680.2989937,1961
680.3867512,1993
680.4745081,1958
680.5622645,1966
680.6500204,2009
680.7377756,1961
680.8255304,1969
680.9132846,1980
681.0010382,2006
681.0887913,1981
681.1765438,1973
681.2642958,1981
681.3520472,1998
681.4397981,1983
681.5275484,1965
681.6152982,1995
681.7030475,1998
681.7907961,1967
681.8785442,1966
681.9662918,1982
682.0540388,1981
682.1417853,2003
682.2295312,1971
682.3172766,1978
682.4050214,1982
682.4927656,1991
682.5805093,1961
682.6682525,1962
682.755995,2001
682.8437371,1975
682.9314786,1980
683.0192195,1988
683.1069599,1988
683.1946997,1981
683.2824389,1984
683.3701776,1984
683.4579158,1971
683.5456534,2006
683.6333904,1997
683.7211269,2006
683.8088628,1971
683.8965982,2008
683.984333,1998
684.0720673,1999
684.159801,2001
684.2475341,1975
684.3352667,1996
684.4229987,2003
684.5107302,2007
684.5984611,1990
684.6861914,1981
684.7739212,1978
684.8616505,1988
684.9493792,2003
685.0371073,1983
685.1248348,1988
685.2125618,1975
685.3002883,1969
685.3880142,2016
685.4757395,1985
685.5634642,2014
685.6511884,1966
685.7389121,2001
685.8266352,1996
685.9143577,1988
686.0020797,1993
686.0898011,1987
686.1775219,1999
686.2652422,1975
686.3529619,1984
686.440681,1991
686.5283996,1992
686.6161177,1997
686.7038351,1994
686.791552,1983
686.8792684,1995
686.9669842,1997
687.0546994,1974
687.142414,1987
687.2301281,2031
687.3178417,1974
687.4055546,1999
687.493267,1988
687.5809789,1972
687.6686901,2005
687.7564008,1985
687.844111,1995
687.9318206,1976
688.0195296,1990
688.107238,1974
688.1949459,1981
688.2826532,1992
688.37036,1973
688.4580662,1968
688.5457718,2003
688.6334769,1983
688.7211813,1965
688.8088853,1997
688.8965886,1983
688.9842914,1976
689.0719936,1987
689.1596953,1996
689.2473964,1965
689.3350969,1999
689.4227968,1966
689.5104962,1998
689.598195,1973
689.6858933,1985
689.773591,1990
689.8612881,1938
689.9489846,1971
690.0366806,1976
690.124376,1991
690.2120708,1958
690.2997651,1964
690.3874588,1962
690.4751519,1971
690.5628445,1962
690.6505365,1963
690.7382279,1965
690.8259187,1965
690.913609,1949
691.0012987,1943
691.0889878,1950
691.1766764,1954
691.2643644,1954
691.3520518,1961
691.4397386,1948
691.5274249,1952
691.6151106,1990
691.7027957,1934
691.7904803,1954
691.8781643,1927
691.9658477,1945
692.0535305,1930
692.1412128,1925
692.2288945,1930
692.3165756,1937
692.4042561,1945
692.4919361,1932
692.5796155,1924
692.6672943,1925
692.7549726,1919
692.8426502,1920
692.9303273,1935
693.0180039,1926
693.1056798,1925
693.1933552,1903
693.28103,1931
693.3687042,1897
693.4563778,1941
693.5440509,1893
693.6317234,1919
693.7193953,1927
693.8070666,1911
693.8947374,1917
693.9824076,1908
694.0700772,1903
694.1577462,1924
694.2454147,1904
694.3330826,1898
694.4207498,1902
694.5084166,1910
694.5960827,1903
694.6837483,1904
694.7714132,1919
694.8590776,1882
694.9467415,1915
695.0344047,1902
695.1220674,1903
695.2097295,1905
695.297391,1908
695.3850519,1920
695.4727122,1880
695.560372,1912
695.6480312,1887
695.7356898,1874
695.8233478,1903
695.9110053,1899
695.9986621,1885
696.0863184,1899
696.1739741,1892
696.2616292,1909
696.3492838,1880
696.4369377,1911
696.5245911,1873
696.6122439,1897
696.6998961,1896
696.7875477,1882
696.8751987,1909
696.9628492,1883
697.0504991,1908
697.1381484,1871
697.2257971,1890
697.3134452,1874
697.4010927,1900
697.4887397,1904
697.5763861,1873
697.6640318,1885
697.751677,1889
697.8393217,1881
697.9269657,1916
698.0146091,1866
698.102252,1875
698.1898943,1867
698.277536,1884
698.3651771,1849
698.4528176,1852
698.5404575,1860
698.6280969,1870
698.7157356,1873
698.8033738,1880
698.8910114,1849
698.9786484,1886
699.0662848,1860
699.1539206,1860
699.2415558,1896
699.3291905,1836
699.4168245,1877
699.504458,1825
699.5920909,1854
699.6797232,1867
699.7673549,1863
699.854986,1860
699.9426165,1846
700.0302464,1848
700.1178758,1849
700.2055045,1842
700.2931327,1857
700.3807603,1851
700.4683873,1854
700.5560137,1840
700.6436395,1839
700.7312647,1853
700.8188893,1856
700.9065133,1851
700.9941368,1830
701.0817596,1832
701.1693819,1865
701.2570036,1809
701.3446246,1817
701.4322451,1845
701.519865,1822
701.6074843,1825
701.695103,1832
701.7827211,1840
701.8703386,1808
701.9579555,1838
702.0455719,1821
702.1331876,1838
702.2208028,1823
702.3084173,1794
702.3960313,1824
702.4836446,1808
702.5712574,1797
702.6588696,1807
702.7464811,1802
702.8340921,1824
702.9217025,1817
703.0093123,1795
703.0969215,1822
703.1845301,1799
703.2721381,1835
703.3597455,1792
703.4473523,1830
703.5349585,1799
703.6225641,1812
703.7101691,1835
703.7977736,1799
703.8853774,1798
703.9729806,1816
704.0605832,1788
704.1481853,1830
704.2357867,1799
704.3233876,1786
704.4109878,1798
704.4985874,1800
704.5861865,1791
704.6737849,1798
704.7613828,1800
704.84898,1828
704.9365766,1759
705.0241727,1814
705.1117681,1809
705.199363,1812
705.2869572,1782
705.3745509,1793
705.4621439,1795
705.5497364,1781
705.6373282,1779
705.7249194,1815
705.8125101,1790
705.9001001,1820
705.9876896,1792
706.0752784,1818
706.1628666,1804
706.2504543,1759
706.3380413,1787
706.4256277,1780
706.5132135,1774
706.6007988,1767
706.6883834,1798
706.7759674,1777
706.8635508,1788
706.9511336,1759
707.0387158,1788
707.1262974,1782
707.2138784,1775
707.3014588,1774
707.3890386,1765
707.4766178,1765
707.5641964,1759
707.6517744,1767
707.7393517,1757
707.8269285,1744
707.9145047,1779
708.0020802,1741
708.0896552,1783
708.1772295,1763
708.2648032,1756
708.3523764,1732
708.4399489,1755
708.5275208,1712
708.6150921,1749
708.7026628,1735
708.7902329,1744
708.8778024,1754
708.9653713,1750
709.0529396,1736
709.1405072,1743
709.2280743,1730
709.3156407,1736
709.4032066,1742
709.4907718,1758
709.5783364,1744
709.6659004,1753
709.7534638,1726
709.8410266,1729
709.9285888,1731
710.0161504,1737
710.1037114,1747
710.1912717,1739
710.2788315,1702
710.3663906,1725
710.4539491,1718
710.541507,1756
710.6290643,1718
710.716621,1739
710.8041771,1718
710.8917326,1745
710.9792874,1700
711.0668417,1726
711.1543953,1723
711.2419483,1732
711.3295007,1726
711.4170525,1722
711.5046037,1737
711.5921543,1735
711.6797043,1721
711.7672536,1689
711.8548023,1729
711.9423504,1720
712.0298979,1741
712.1174448,1712
712.2049911,1704
712.2925368,1724
712.3800818,1711
712.4676262,1704
712.5551701,1711
712.6427133,1708
712.7302559,1725
712.8177978,1698
712.9053392,1718
712.9928799,1703
713.08042,1702
713.1679596,1706
713.2554984,1723
713.3430367,1695
713.4305744,1725
713.5181114,1680
713.6056478,1691
713.6931837,1698
713.7807188,1700
713.8682534,1686
713.9557874,1691
714.0433207,1700
714.1308534,1695
714.2183855,1710
714.305917,1686
714.3934479,1677
714.4809781,1708
714.5685077,1677
714.6560367,1678
714.7435651,1676
714.8310929,1681
714.9186201,1686
715.0061466,1665
715.0936725,1665
715.1811978,1673
715.2687224,1686
715.3562465,1681
715.4437699,1665
715.5312927,1682
715.6188149,1650
715.7063365,1662
715.7938574,1665
715.8813777,1651
715.9688974,1659
716.0564165,1661
716.143935,1629
716.2314528,1670
716.31897,1631
716.4064866,1645
716.4940026,1644
716.5815179,1638
716.6690326,1613
716.7565467,1642
716.8440602,1618
716.931573,1643
717.0190852,1640
717.1065968,1627
717.1941078,1624
717.2816182,1612
717.3691279,1621
717.456637,1616
717.5441455,1616
717.6316533,1606
717.7191605,1594
717.8066671,1617
717.8941731,1613
717.9816785,1612
718.0691832,1595
718.1566873,1609
718.2441908,1587
718.3316936,1599
718.4191958,1580
718.5066974,1597
718.5941984,1598
718.6816987,1596
718.7691984,1575
718.8566975,1596
718.9441959,1594
719.0316938,1561
719.119191,1592
719.2066875,1576
719.2941835,1580
719.3816788,1572
719.4691735,1586
719.5566675,1580
719.6441609,1578
719.7316537,1555
719.8191459,1576
719.9066374,1559
719.9941283,1587
720.0816186,1551
720.1691082,1571
720.2565973,1554
720.3440856,1551
720.4315734,1561
720.5190605,1573
720.606547,1549
720.6940329,1559
720.7815181,1550
720.8690027,1575
720.9564866,1548
721.04397,1567
721.1314527,1561
721.2189347,1546
721.3064162,1535
721.393897,1566
721.4813771,1534
721.5688567,1554
721.6563356,1549
721.7438138,1561
721.8312915,1544
721.9187685,1541
722.0062448,1548
722.0937206,1567
722.1811957,1532
722.2686701,1561
722.356144,1533
722.4436172,1524
722.5310897,1536
722.6185616,1537
722.7060329,1549
722.7935036,1549
722.8809736,1532
722.968443,1543
723.0559117,1538
723.1433798,1540
723.2308473,1530
723.3183141,1521
723.4057803,1544
723.4932459,1529
723.5807108,1521
723.6681751,1544
723.7556388,1532
723.8431018,1517
723.9305641,1542
724.0180259,1519
724.105487,1540
724.1929474,1525
724.2804072,1514
724.3678664,1511
724.455325,1522
724.5427829,1525
724.6302401,1504
724.7176968,1515
724.8051527,1518
724.8926081,1509
724.9800628,1508
725.0675169,1510
725.1549703,1498
725.2424231,1507
725.3298752,1517
725.4173267,1480
725.5047776,1509
725.5922278,1484
725.6796774,1502
725.7671263,1490
725.8545746,1491
725.9420222,1506
726.0294692,1484
726.1169156,1472
726.2043613,1503
726.2918064,1475
726.3792509,1480
726.4666947,1485
726.5541378,1469
726.6415803,1498
726.7290222,1467
726.8164634,1464
726.903904,1460
726.9913439,1471
727.0787832,1462
727.1662219,1470
727.2536599,1456
727.3410972,1486
727.4285339,1433
727.51597,1436
727.6034054,1445
727.6908402,1437
727.7782743,1438
727.8657078,1449
727.9531406,1431
728.0405728,1433
728.1280044,1431
728.2154353,1425
728.3028655,1425
728.3902951,1433
728.4777241,1431
728.5651524,1426
728.65258,1427
728.7400071,1443
728.8274334,1415
728.9148591,1419
729.0022842,1417
729.0897086,1406
729.1771324,1393
729.2645555,1443
729.351978,1409
729.4393998,1399
729.526821,1412
729.6142416,1417
729.7016614,1418
729.7890807,1408
729.8764992,1414
729.9639172,1400
730.0513344,1401
730.1387511,1408
730.2261671,1398
730.3135824,1391
730.4009971,1384
730.4884111,1402
730.5758245,1398
730.6632372,1404
730.7506492,1401
730.8380607,1399
730.9254714,1397
731.0128815,1383
731.100291,1404
731.1876998,1387
731.275108,1400
731.3625155,1389
731.4499223,1389
731.5373285,1394
731.6247341,1410
731.712139,1384
731.7995432,1402
731.8869468,1388
731.9743497,1379
732.061752,1400
732.1491536,1376
732.2365546,1409
732.3239549,1376
732.4113545,1376
732.4987535,1376
732.5861519,1390
732.6735496,1385
732.7609466,1391
732.848343,1380
732.9357387,1391
733.0231337,1384
733.1105282,1382
733.1979219,1391
733.285315,1385
733.3727074,1373
733.4600992,1394
733.5474903,1380
733.6348808,1389
733.7222706,1398
733.8096598,1371
733.8970482,1387
733.9844361,1369
734.0718233,1398
734.1592098,1392
734.2465956,1391
734.3339808,1409
734.4213654,1411
734.5087492,1378
734.5961325,1395
734.683515,1388
734.7708969,1366
734.8582782,1413
734.9456588,1377
735.0330387,1394
735.1204179,1388
735.2077965,1393
735.2951745,1387
735.3825517,1414
735.4699284,1401
735.5573043,1428
735.6446796,1389
735.7320542,1412
735.8194282,1407
735.9068015,1405
735.9941742,1439
736.0815461,1439
736.1689175,1408
736.2562881,1426
736.3436581,1436
736.4310275,1413
736.5183961,1443
736.6057641,1444
736.6931315,1460
736.7804981,1439
736.8678642,1475
736.9552295,1432
737.0425942,1474
737.1299582,1450
737.2173216,1494
737.3046842,1496
737.3920463,1485
737.4794076,1510
737.5667683,1501
737.6541284,1515
737.7414877,1529
737.8288464,1537
737.9162044,1549
738.0035618,1567
738.0909185,1538
738.1782745,1571
738.2656299,1563
738.3529846,1596
738.4403386,1587
738.527692,1585
738.6150447,1595
738.7023967,1603
738.7897481,1605
738.8770988,1622
738.9644488,1609
739.0517981,1596
739.1391468,1633
739.2264948,1586
739.3138422,1628
739.4011889,1587
739.4885349,1607
739.5758802,1588
739.6632249,1604
739.7505689,1576
739.8379122,1563
739.9252549,1558
740.0125969,1527
740.0999382,1564
740.1872788,1531
740.2746188,1523
740.3619581,1502
740.4492968,1519
740.5366347,1502
740.623972,1495
740.7113086,1483
740.7986446,1487
740.8859799,1464
740.9733145,1470
741.0606484,1436
741.1479817,1423
741.2353142,1424
741.3226462,1424
741.4099774,1388
741.497308,1398
741.5846379,1388
741.6719671,1375
741.7592956,1407
741.8466235,1361
741.9339507,1381
742.0212772,1370
742.1086031,1339
742.1959282,1322
742.2832527,1357
742.3705766,1328
742.4578997,1308
742.5452222,1310
742.632544,1292
742.7198651,1311
742.8071856,1301
742.8945053,1303
742.9818244,1271
743.0691428,1288
743.1564606,1256
743.2437776,1294
743.331094,1259
743.4184097,1271
743.5057248,1262
743.5930391,1250
743.6803528,1244
743.7676658,1256
743.8549781,1238
743.9422897,1246
744.0296007,1241
744.116911,1212
744.2042206,1222
744.2915295,1188
744.3788378,1218
744.4661453,1211
744.5534522,1211
744.6407584,1201
744.728064,1215
744.8153688,1179
744.902673,1176
744.9899765,1192
745.0772793,1175
745.1645814,1193
745.2518829,1162
745.3391836,1175
745.4264837,1166
745.5137831,1177
745.6010818,1160
745.6883799,1167
745.7756772,1155
745.8629739,1156
745.9502699,1146
746.0375652,1147
746.1248598,1155
746.2121538,1142
746.299447,1118
746.3867396,1133
746.4740315,1127
746.5613227,1124
746.6486133,1108
746.7359031,1108
746.8231923,1124
746.9104807,1115
746.9977685,1101
747.0850556,1114
747.1723421,1112
747.2596278,1101
747.3469128,1081
747.4341972,1105
747.5214809,1068
747.6087639,1093
747.6960462,1093
747.7833278,1097
747.8706088,1080
747.957889,1091
748.0451686,1098
748.1324475,1057
748.2197256,1064
748.3070032,1038
748.39428,1068
748.4815561,1046
748.5688315,1070
748.6561063,1050
748.7433804,1056
748.8306537,1058
748.9179264,1036
749.0051984,1049
749.0924697,1054
749.1797404,1043
749.2670103,1042
749.3542796,1054
749.4415481,1043
749.528816,1024
749.6160832,1025
749.7033496,1035
749.7906154,1037
749.8778805,1027
749.965145,1035
750.0524087,1036
750.1396717,1043
750.2269341,1025
750.3141957,1037
750.4014567,1022
750.488717,1028
750.5759765,1032
750.6632354,1033
750.7504936,1010
750.8377511,1012
750.9250079,1019
751.0122641,1005
751.0995195,1027
751.1867742,996
751.2740283,1019
751.3612816,992
751.4485343,1006
751.5357862,1007
751.6230375,1004
751.7102881,1012
751.7975379,1002
751.8847871,997
751.9720356,1004
752.0592834,1015
752.1465305,994
752.2337769,1010
752.3210226,994
752.4082677,997
752.495512,996
752.5827556,982
752.6699985,979
752.7572408,979
752.8444823,989
752.9317231,975
753.0189633,982
753.1062027,987
753.1934415,984
753.2806795,981
753.3679169,980
753.4551536,988
753.5423895,969
753.6296248,981
753.7168593,976
753.8040932,985
753.8913264,941
753.9785589,963
754.0657906,974
754.1530217,957
754.2402521,960
754.3274818,945
754.4147107,977
754.501939,950
754.5891666,960
754.6763935,939
754.7636196,970
754.8508451,935
754.9380699,951
755.025294,957
755.1125174,950
755.19974,960
755.286962,928
755.3741833,942
755.4614038,926
755.5486237,948
755.6358429,931
755.7230614,930
755.8102791,914
755.8974962,912
755.9847125,926
756.0719282,915
756.1591432,926
756.2463574,915
756.333571,917
756.4207838,913
756.5079959,926
756.5952074,917
756.6824181,914
756.7696281,921
756.8568375,912
756.9440461,925
757.031254,900
757.1184612,902
757.2056677,922
757.2928735,896
757.3800786,899
757.467283,888
757.5544867,884
757.6416897,897
757.728892,895
757.8160935,889
757.9032944,884
757.9904946,886
758.077694,873
758.1648927,893
758.2520908,881
758.3392881,891
758.4264847,877
758.5136806,884
758.6008759,880
758.6880704,886
758.7752641,884
758.8624572,875
758.9496496,879
759.0368413,876
759.1240322,868
759.2112225,863
759.298412,865
759.3856008,871
759.472789,861
759.5599764,859
759.6471631,857
759.7343491,861
759.8215343,856
759.9087189,874
759.9959028,857
760.0830859,862
760.1702684,865
760.2574501,865
760.3446311,867
760.4318114,849
760.518991,864
760.6061699,845
760.6933481,848
760.7805255,839
760.8677023,840
760.9548783,843
761.0420536,833
761.1292282,821
761.2164021,840
761.3035753,827
761.3907478,828
761.4779195,838
761.5650906,824
761.6522609,823
761.7394305,843
761.8265994,836
761.9137676,837
762.0009351,828
762.0881018,848
762.1752679,810
762.2624332,844
762.3495978,837
762.4367617,832
762.5239249,826
762.6110874,815
762.6982491,811
762.7854101,814
762.8725705,827
762.9597301,808
763.046889,809
763.1340471,814
763.2212046,801
763.3083613,820
763.3955173,799
763.4826726,802
763.5698272,801
763.6569811,812
763.7441342,810
763.8312866,808
763.9184384,800
764.0055893,803
764.0927396,800
764.1798892,792
764.267038,797
764.3541861,787
764.4413335,785
764.5284802,799
764.6156262,790
764.7027714,779
764.7899159,791
764.8770597,781
764.9642028,762
765.0513452,790
765.1384868,770
765.2256277,778
765.3127679,771
765.3999074,778
765.4870461,789
765.5741842,766
765.6613215,769
765.748458,766
765.8355939,772
765.9227291,766
766.0098635,765
766.0969972,778
766.1841301,740
766.2712624,752
766.3583939,751
766.4455247,752
766.5326548,734
766.6197842,740
766.7069128,746
766.7940407,751
766.8811679,750
766.9682944,743
767.0554201,743
767.1425451,747
767.2296694,735
767.316793,738
767.4039158,734
767.4910379,738
767.5781593,718
767.66528,731
767.7523999,745
767.8395191,727
767.9266376,732
768.0137553,715
768.1008724,724
768.1879887,720
768.2751042,721
768.3622191,712
768.4493332,708
768.5364466,707
768.6235593,714
768.7106712,717
768.7977824,706
768.8848929,715
768.9720026,728
769.0591117,711
769.14622,697
769.2333275,717
769.3204344,719
769.4075405,706
769.4946459,702
769.5817505,677
769.6688544,694
769.7559576,695
769.8430601,684
769.9301618,695
770.0172628,690
770.1043631,671
770.1914626,688
770.2785614,695
770.3656595,689
770.4527568,679
770.5398535,696
770.6269493,678
770.7140445,697
770.8011389,699
770.8882326,679
770.9753256,705
771.0624178,673
771.1495093,678
771.2366,681
771.32369,689
771.4107793,684
771.4978679,671
771.5849557,680
771.6720428,664
771.7591292,686
771.8462148,660
771.9332997,661
772.0203838,668
772.1074672,665
772.1945499,658
772.2816319,672
772.3687131,660
772.4557935,665
772.5428733,663
772.6299523,668
772.7170306,650
772.8041081,674
772.8911849,659
772.978261,668
773.0653363,661
773.1524109,648
773.2394847,652
773.3265578,649
773.4136302,661
773.5007019,641
773.5877728,654
773.6748429,631
773.7619124,647
773.8489811,641
773.936049,632
774.0231162,641
774.1101827,637
774.1972484,653
774.2843134,639
774.3713777,636
774.4584412,645
774.545504,615
774.632566,642
774.7196273,635
774.8066879,642
774.8937477,629
774.9808068,628
775.0678651,619
775.1549227,633
775.2419796,641
775.3290357,615
775.4160911,623
775.5031457,630
775.5901996,614
775.6772527,606
775.7643051,608
775.8513568,612
775.9384077,605
775.9878554,619
776.0753502,601
776.1628444,623
776.2503379,606
776.3378308,620
776.4253231,620
776.5128148,612
776.6003058,617
776.6877962,601
776.775286,622
776.8627752,597
776.9502637,593
777.0377516,588
777.1252389,598
777.2127256,590
777.3002116,590
777.3876971,602
777.4751818,608
777.562666,577
777.6501495,604
777.7376324,578
777.8251147,582
777.9125964,583
778.0000774,588
778.0875578,584
778.1750376,590
778.2625167,570
778.3499952,569
778.4374731,581
778.5249503,568
778.612427,572
778.699903,568
778.7873783,574
778.8748531,588
778.9623272,562
779.0498007,559
779.1372735,576
779.2247457,575
779.3122173,572
779.3996883,564
779.4871586,572
779.5746283,557
779.6620974,565
779.7495658,564
779.8370336,551
779.9245008,558
780.0119674,542
780.0994333,548
780.1868986,555
780.2743632,546
780.3618272,551
780.4492906,550
780.5367534,559
780.6242155,552
780.711677,563
780.7991378,558
780.886598,535
780.9740576,565
781.0615166,547
781.1489749,540
781.2364326,544
781.3238896,549
781.4113461,537
781.4988018,542
781.586257,542
781.6737115,527
781.7611654,544
781.8486186,539
781.9360712,532
782.0235232,539
782.1109745,538
782.1984252,536
782.2858753,526
782.3733247,535
782.4607735,542
782.5482217,530
782.6356692,536
782.7231161,522
782.8105623,519
782.8980079,522
782.9854529,529
783.0728972,522
783.1603409,518
783.247784,524
783.3352264,517
783.4226682,511
783.5101093,527
783.5975498,521
783.6849897,526
783.7724289,513
783.8598675,512
783.9473054,537
784.0347427,518
784.1221794,512
784.2096154,517
784.2970508,519
784.3844855,509
784.4719196,506
784.5593531,496
784.6467859,485
784.7342181,498
784.8216496,497
784.9090805,486
784.9965108,505
785.0839404,494
785.1713694,505
785.2587977,505
785.3462254,506
785.4336524,496
785.5210788,484
785.6085046,502
785.6959297,488
785.7833542,482
785.870778,482
785.9582012,476
786.0456238,491
786.1330457,478
786.2204669,480
786.3078875,474
786.3953075,488
786.4827268,493
786.5701455,471
786.6575635,487
786.7449809,478
786.8323976,486
786.9198137,486
787.0072292,470
787.094644,492
787.1820582,474
787.2694717,475
787.3568845,474
787.4442968,469
787.5317083,467
787.6191193,462
787.7065295,460
787.7939392,466
787.8813481,461
787.9687565,459
788.0561642,460
788.1435712,455
788.2309776,453
788.3183834,461
788.4057884,464
788.4931929,452
788.5805967,460
788.6679998,457
788.7554023,456
788.8428042,452
788.9302054,446
789.0176059,455
789.1050058,442
789.1924051,444
789.2798037,441
789.3672016,425
789.4545989,449
789.5419956,446
789.6293916,432
789.7167869,443
789.8041816,433
789.8915757,442
789.9789691,447
790.0663618,445
790.1537539,446
790.2411453,439
790.3285361,444
790.4159263,431
790.5033157,451
790.5907046,443
790.6780927,433
790.7654803,436
790.8528671,430
790.9402533,425
791.0276389,434
791.1150238,439
791.202408,428
791.2897916,426
791.3771746,429
791.4645569,435
791.5519385,426
791.6393195,425
791.7266998,426
791.8140795,431
791.9014585,439
791.9888368,423
792.0762145,440
792.1635916,428
792.250968,432
792.3383437,422
792.4257188,416
792.5130932,431
792.6004669,419
792.68784,421
792.7752125,410
792.8625843,419
792.9499554,419
793.0373259,414
793.1246957,413
793.2120649,421
793.2994333,425
793.3868012,422
793.4741684,413
793.5615349,424
793.6489008,413
793.736266,421
793.8236305,419
793.9109944,422
793.9983576,405
794.0857202,409
794.1730821,410
794.2604433,408
794.3478039,411
794.4351638,432
794.5225231,404
794.6098817,412
794.6972396,409
794.7845969,405
794.8719535,415
794.9593095,412
795.0466648,403
795.1340194,415
795.2213734,410
795.3087267,416
795.3960793,400
795.4834313,417
795.5707826,418
795.6581333,398
795.7454833,407
795.8328326,403
795.9201812,387
796.0075292,394
796.0948766,390
796.1822233,382
796.2695693,410
796.3569146,402
796.4442593,398
796.5316033,398
796.6189466,408
796.7062893,386
796.7936313,398
796.8809727,403
796.9683134,400
797.0556534,401
797.1429927,381
797.2303314,374
797.3176695,379
797.4050068,373
797.4923435,387
797.5796795,372
797.6670149,379
797.7543496,374
797.8416836,374
797.9290169,380
798.0163496,375
798.1036816,379
798.191013,378
798.2783436,378
798.3656736,380
798.453003,376
798.5403317,376
798.6276597,383
798.714987,378
798.8023137,374
798.8896396,369
798.976965,371
799.0642896,361
799.1516136,368
799.2389369,357
799.3262596,356
799.4135815,362
799.5009028,358
799.5882235,361
799.6755434,365
799.7628627,355
799.8501813,359
799.9374993,372
800.0248165,352
800.1121331,366
800.1994491,368
800.2867643,353
800.3740789,354
800.4613928,352
800.548706,361
800.6360186,346
800.7233305,347
800.8106417,347
800.8979523,341
800.9852621,343
801.0725713,351
801.1598798,343
801.2471877,351
801.3344949,333
801.4218013,350
801.5091072,357
801.5964123,343
801.6837168,341
801.7710206,342
801.8583237,347
801.9456261,354
802.0329279,338
802.120229,347
802.2075294,336
802.2948292,337
802.3821282,338
802.4694266,332
802.5567243,336
802.6440213,326
802.7313177,330
802.8186134,326
802.9059084,333
802.9932027,333
803.0804963,332
803.1677893,329
803.2550816,330
803.3423732,329
803.4296641,348
803.5169543,321
803.6042439,333
803.6915328,339
803.778821,328
803.8661085,334
803.9533954,327
804.0406816,327
804.1279671,331
804.2152519,316
804.302536,333
804.3898194,318
804.4771022,315
804.5643843,323
804.6516657,309
804.7389464,313
804.8262265,310
804.9135058,315
805.0007845,330
805.0880625,321
805.1753398,314
805.2626164,326
805.3498924,314
805.4371677,320
805.5244422,314
805.6117161,317
805.6989894,322
805.7862619,318
805.8735337,317
805.9608049,322
806.0480754,318
806.1353452,316
806.2226143,301
806.3098827,316
806.3971505,307
806.4844175,304
806.5716839,319
806.6589496,310
806.7462146,307
806.8334789,305
806.9207425,302
807.0080055,310
807.0952677,310
807.1825293,314
807.2697902,310
807.3570504,310
807.4443099,317
807.5315687,304
807.6188268,308
807.7060843,308
807.7933411,303
807.8805971,304
807.9678525,300
808.0551072,309
808.1423612,308
808.2296145,289
808.3168672,291
808.4041191,305
808.4913704,294
808.5786209,296
808.6658708,288
808.75312,294
808.8403685,291
808.9276163,294
809.0148634,302
809.1021098,304
809.1893556,291
809.2766006,298
809.363845,282
809.4510886,288
809.5383316,291
809.6255739,293
809.7128155,283
809.8000564,287
809.8872966,288
809.9745361,279
810.0617749,284
810.1490131,291
810.2362505,283
810.3234872,272
810.4107233,277
810.4979586,276
810.5851933,281
810.6724273,277
810.7596606,276
810.8468931,284
810.934125,275
811.0213562,282
811.1085867,274
811.1958165,284
811.2830457,284
811.3702741,289
811.4575018,290
811.5447288,275
811.6319552,275
811.7191808,275
811.8064057,284
811.89363,273
811.9808535,274
812.0680764,267
812.1552985,279
812.24252,275
812.3297408,262
812.4169608,274
812.5041802,271
812.5913989,273
812.6786168,271
812.7658341,267
812.8530507,269
812.9402666,269
813.0274818,266
813.1146963,272
813.20191,265
813.2891231,266
813.3763355,274
813.4635472,265
813.5507582,267
813.6379685,279
813.7251781,266
813.812387,268
813.8995952,269
813.9868027,270
814.0740095,269
814.1612155,265
814.2484209,270
814.3356256,258
814.4228296,261
814.5100329,262
814.5972355,262
814.6844374,264
814.7716386,247
814.858839,263
814.9460388,260
815.0332379,257
815.1204363,263
815.207634,255
815.2948309,252
815.3820272,262
815.4692228,263
815.5564176,258
815.6436118,251
815.7308052,252
815.817998,255
815.90519,252
815.9923814,257
816.079572,259
816.166762,252
816.2539512,258
816.3411397,259
816.4283275,245
816.5155146,258
816.6027011,249
816.6898868,250
816.7770718,246
816.864256,243
816.9514396,253
817.0386225,246
817.1258047,244
817.2129862,245
817.3001669,244
817.387347,244
817.4745263,251
817.561705,245
817.6488829,249
817.7360601,244
817.8232366,247
817.9104124,247
817.9975875,250
818.0847619,244
818.1719356,255
818.2591086,244
818.3462809,238
818.4334524,247
818.5206233,244
818.6077934,239
818.6949628,234
818.7821316,233
818.8692996,230
818.9564669,237
819.0436335,229
819.1307993,235
819.2179645,234
819.305129,232
819.3922927,231
819.4794558,238
819.5666181,234
819.6537797,227
819.7409406,240
819.8281008,232
819.9152603,230
820.002419,231
820.0895771,237
820.1767344,236
820.2638911,230
820.351047,232
820.4382022,227
820.5253567,235
820.6125105,222
820.6996635,220
820.7868159,221
820.8739675,218
820.9611184,226
821.0482686,229
821.1354181,234
821.2225669,219
821.309715,223
821.3968623,227
821.484009,210
821.5711549,218
821.6583001,221
821.7454446,215
821.8325883,225
821.9197314,227
822.0068737,227
822.0940154,215
822.1811563,225
822.2682965,220
822.3554359,208
822.4425747,209
822.5297127,219
822.6168501,209
822.7039867,213
822.7911225,211
822.8782577,210
822.9653922,205
823.0525259,211
823.1396589,202
823.2267912,206
823.3139228,211
823.4010536,210
823.4881838,217
823.5753132,207
823.6624419,211
823.7495699,209
823.8366971,204
823.9238237,208
824.0109495,214
824.0980746,208
824.185199,206
824.2723227,199
824.3594456,209
824.4465678,196
824.5336893,196
824.6208101,200
824.7079301,203
824.7950495,193
824.8821681,204
824.969286,197
825.0564031,203
825.1435196,197
825.2306353,203
825.3177503,198
825.4048646,193
825.4919781,201
825.579091,202
825.6662031,198
825.7533144,195
825.8404251,202
825.927535,202
826.0146442,202
826.1017527,200
826.1888605,199
826.2759675,197
826.3630738,196
826.4501794,196
826.5372843,194
826.6243884,195
826.7114918,196
826.7985945,187
826.8856965,183
826.9727977,193
827.0598982,181
827.146998,186
827.2340971,188
827.3211954,192
827.408293,192
827.4953899,191
827.582486,187
827.6695814,196
827.7566761,196
827.8437701,194
827.9308633,198
828.0179558,193
828.1050476,190
828.1921387,203
828.279229,193
828.3663186,188
828.4534074,192
828.5404956,185
828.627583,195
828.7146696,188
828.8017556,190
828.8888408,184
828.9759253,188
829.0630091,183
829.1500921,183
829.2371744,178
829.3242559,177
829.4113368,182
829.4984169,184
829.5854962,183
829.6725749,180
829.7596528,184
829.84673,176
829.9338064,177
830.0208821,177
830.1079571,188
830.1950314,179
830.2821049,186
830.3691777,183
830.4562497,184
830.543321,187
830.6303916,179
830.7174614,178
830.8045306,180
830.8915989,171
830.9786666,181
831.0657335,174
831.1527997,172
831.2398651,171
831.3269298,171
831.4139938,173
831.5010571,179
831.5881196,173
831.6751813,178
831.7622424,177
831.8493027,179
831.9363622,177
832.023421,167
832.1104791,174
832.1975365,181
832.2845931,172
832.371649,178
832.4587041,179
832.5457585,169
832.6328122,174
832.7198651,178
832.8069173,171
832.8939688,165
832.9810195,162
833.0680695,169
833.1551187,171
833.2421672,165
833.329215,162
833.416262,166
833.5033083,171
833.5903538,166
833.6773986,164
833.7644427,163
833.851486,166
833.9385286,163
834.0255705,158
834.1126116,169
834.1996519,166
834.2866916,162
834.3737304,165
834.4607686,156
834.547806,167
834.6348427,173
834.7218786,174
834.8089138,170
834.8959482,161
834.9829819,172
835.0700148,160
835.157047,161
835.2440785,164
835.3311092,165
835.4181392,164
835.5051685,163
835.5921969,166
835.6792247,159
835.7662517,165
835.853278,160
835.9403035,167
836.0273283,160
836.1143523,164
836.2013756,159
836.2883981,168
836.3754199,162
836.462441,163
836.5494613,163
836.6364809,162
836.7234997,160
836.8105177,162
836.8975351,165
836.9845517,162
837.0715675,171
837.1585826,160
837.2455969,155
837.3326105,159
837.4196234,159
837.5066355,157
837.5936468,154
837.6806574,160
837.7676673,157
837.8546764,153
837.9416847,156
838.0286924,157
838.1156992,156
838.2027053,147
838.2897107,153
838.3767153,156
838.4637192,164
838.5507223,151
838.6377247,161
838.7247263,154
838.8117272,156
838.8987273,161
838.9857267,166
839.0727253,165
839.1597232,158
839.2467203,154
839.3337167,160
839.4207123,152
839.5077072,158
839.5947013,155
839.6816947,150
839.7686873,147
839.8556792,158
839.9426703,152
840.0296606,150
840.1166502,156
840.2036391,151
840.2906272,150
840.3776146,148
840.4646011,154
840.551587,148
840.6385721,145
840.7255564,151
840.81254,153
840.8995228,161
840.9865049,157
841.0734862,153
841.1604668,156
841.2474466,154
841.3344257,146
841.421404,149
841.5083815,150
841.5953583,149
841.6823344,145
841.7693097,147
841.8562842,142
841.943258,139
842.030231,140
842.1172032,139
842.2041747,138
842.2911455,136
842.3781155,140
842.4650847,141
842.5520532,142
842.6390209,139
842.7259879,141
842.8129541,141
842.8999195,136
842.9868842,145
843.0738481,140
843.1608113,137
843.2477737,137
843.3347354,143
843.4216963,133
843.5086564,135
843.5956158,129
843.6825744,137
843.7695323,134
843.8564894,132
843.9434457,135
844.0304013,137
844.1173561,133
844.2043102,132
844.2912635,130
844.378216,121
844.4651678,121
844.5521188,122
844.639069,120
844.7260185,123
844.8129673,125
844.8999152,117
844.9868625,120
845.0738089,120
845.1607546,116
845.2476995,132
845.3346437,121
845.4215871,122
845.5085297,128
845.5954716,122
845.6824127,120
845.769353,119
845.8562926,115
845.9432314,115
846.0301695,116
846.1171068,112
846.2040433,123
846.290979,116
846.377914,120
846.4648483,114
846.5517817,117
846.6387144,108
846.7256464,103
846.8125775,109
846.8995079,106
846.9864376,110
847.0733664,112
847.1602946,108
847.2472219,107
847.3341485,116
847.4210743,105
847.5079993,105
847.5949236,107
847.6818471,108
847.7687698,104
847.8556918,108
847.942613,109
848.0295334,108
848.1164531,107
848.203372,109
848.2902901,109
848.3772075,113
848.4641241,103
848.5510399,108
848.6379549,111
848.7248692,106
848.8117827,100
848.8986955,102
848.9856075,108
849.0725187,105
849.1594291,98
849.2463388,100
849.3332477,106
849.4201558,108
849.5070631,104
849.5939697,107
849.6808755,103
849.7677806,104
849.8546848,101
849.9415883,117
850.0284911,99
