,W,I
0,550.0700989,0
1,550.1567808,0
2,550.2434621,0
3,550.3301427,0
4,550.4168225,0
5,550.5035015,0
6,550.5901799,0
7,550.6768575,0
8,550.7635343,0
9,550.8502105,0
10,550.9368859,0
11,551.0235606,0
12,551.1102345,0
13,551.1969077,0
14,551.2835802,0
15,551.3702519,0
16,551.4569229,0
17,551.5435932,0
18,551.6302627,0
19,551.7169315,0
20,551.8035996,0
21,551.8902669,0
22,551.9769335,0
23,552.0635994,0
24,552.1502645,0
25,552.2369289,0
26,552.3235926,0
27,552.4102555,0
28,552.4969177,0
29,552.5835791,0
30,552.6702398,0
31,552.7568998,0
32,552.843559,0
33,552.9302175,0
34,553.0168753,0
35,553.1035323,0
36,553.1901886,0
37,553.2768442,0
38,553.363499,0
39,553.450153,0
40,553.5368064,0
41,553.623459,0
42,553.7101108,0
43,553.7967619,0
44,553.8834123,0
45,553.970062,0
46,554.0567109,0
47,554.143359,0
48,554.2300064,0
49,554.3166531,0
50,554.4032991,0
51,554.4899443,0
52,554.5765887,0
53,554.6632325,0
54,554.7498754,0
55,554.8365177,0
56,554.9231592,0
57,555.0097999,0
58,555.0964399,0
59,555.1830792,0
60,555.2697177,0
61,555.3563555,0
62,555.4429926,0
63,555.5296289,0
64,555.6162644,0
65,555.7028993,0
66,555.7895333,0
67,555.8761667,0
68,555.9627993,0
69,556.0494311,0
70,556.1360622,0
71,556.2226926,0
72,556.3093222,0
73,556.3959511,0
74,556.4825792,0
75,556.5692066,0
76,556.6558332,0
77,556.7424591,0
78,556.8290843,0
79,556.9157087,0
80,557.0023323,0
81,557.0889552,0
82,557.1755774,0
83,557.2621988,0
84,557.3488195,0
85,557.4354394,0
86,557.5220586,0
87,557.608677,0
88,557.6952947,0
89,557.7819117,0
90,557.8685279,0
91,557.9551433,0
92,558.041758,0
93,558.128372,0
94,558.2149852,0
95,558.3015976,0
96,558.3882093,0
97,558.4748203,0
98,558.5614305,0
99,558.64804,0
100,558.7346487,0
101,558.8212566,0
102,558.9078639,0
103,558.9944703,0
104,559.081076,0
105,559.167681,0
106,559.2542852,0
107,559.3408887,0
108,559.4274914,0
109,559.5140934,0
110,559.6006946,0
111,559.6872951,0
112,559.7738948,0
113,559.8604937,0
114,559.9470919,0
115,560.0336894,0
116,560.1202861,0
117,560.2068821,0
118,560.2934773,0
119,560.3800717,0
120,560.4666654,0
121,560.5532584,0
122,560.6398506,0
123,560.726442,0
124,560.8130327,0
125,560.8996226,0
126,560.9862118,0
127,561.0728003,0
128,561.1593879,0
129,561.2459748,0
130,561.332561,0
131,561.4191464,0
132,561.5057311,0
133,561.592315,0
134,561.6788981,0
135,561.7654805,0
136,561.8520622,0
137,561.9386431,0
138,562.0252232,0
139,562.1118026,0
140,562.1983812,0
141,562.284959,0
142,562.3715361,0
143,562.4581125,0
144,562.5446881,0
145,562.6312629,0
146,562.717837,0
147,562.8044103,0
148,562.8909829,0
149,562.9775547,0
150,563.0641257,0
151,563.150696,0
152,563.2372655,0
153,563.3238343,0
154,563.4104023,0
155,563.4969696,0
156,563.5835361,0
157,563.6701018,0
158,563.7566668,0
159,563.843231,0
160,563.9297945,0
161,564.0163572,0
162,564.1029191,0
163,564.1894803,0
164,564.2760407,0
165,564.3626004,0
166,564.4491593,0
167,564.5357174,0
168,564.6222748,0
169,564.7088314,0
170,564.7953873,0
171,564.8819424,0
172,564.9684967,0
173,565.0550503,0
174,565.1416031,0
175,565.2281552,0
176,565.3147065,0
177,565.401257,0
178,565.4878067,0
179,565.5743557,0
180,565.660904,0
181,565.7474515,0
182,565.8339982,0
183,565.9205441,0
184,566.0070893,0
185,566.0936337,0
186,566.1801774,0
187,566.2667203,0
188,566.3532624,0
189,566.4398038,0
190,566.5263444,0
191,566.6128842,0
192,566.6994233,0
193,566.7859616,0
194,566.8724991,0
195,566.9590359,0
196,567.0455719,0
197,567.1321071,0
198,567.2186416,0
199,567.3051753,0
200,567.3917083,0
201,567.4782404,0
202,567.5647718,0
203,567.6513025,0
204,567.7378324,0
205,567.8243615,0
206,567.9108898,0
207,567.9974174,0
208,568.0839442,0
209,568.1704702,0
210,568.2569955,0
211,568.34352,0
212,568.4300437,0
213,568.5165667,0
214,568.6030889,0
215,568.6896103,0
216,568.776131,0
217,568.8626509,0
218,568.94917,0
219,569.0356883,0
220,569.1222059,0
221,569.2087227,0
222,569.2952388,0
223,569.381754,0
224,569.4682685,0
225,569.5547822,0
226,569.6412952,0
227,569.7278074,0
228,569.8143188,0
229,569.9008294,0
230,569.9873393,0
231,570.0738484,0
232,570.1603567,0
233,570.2468643,0
234,570.3333711,0
235,570.4198771,0
236,570.5063823,0
237,570.5928868,0
238,570.6793905,0
239,570.7658934,0
240,570.8523955,0
241,570.9388969,0
242,571.0253975,0
243,571.1118973,0
244,571.1983964,0
245,571.2848946,0
246,571.3713922,0
247,571.4578889,0
248,571.5443848,0
249,571.63088,0
250,571.7173744,0
251,571.803868,0
252,571.8903609,0
253,571.976853,0
254,572.0633443,0
255,572.1498348,0
256,572.2363245,0
257,572.3228135,0
258,572.4093017,0
259,572.4957891,0
260,572.5822757,0
261,572.6687616,0
262,572.7552467,0
263,572.841731,0
264,572.9282145,0
265,573.0146973,0
266,573.1011793,0
267,573.1876605,0
268,573.2741409,0
269,573.3606205,0
270,573.4470994,0
271,573.5335775,0
272,573.6200548,0
273,573.7065313,0
274,573.793007,0
275,573.879482,0
276,573.9659562,0
277,574.0524296,0
278,574.1389022,0
279,574.2253741,0
280,574.3118451,0
281,574.3983154,0
282,574.4847849,0
283,574.5712537,0
284,574.6577216,0
285,574.7441888,0
286,574.8306551,0
287,574.9171207,0
288,575.0035856,0
289,575.0900496,0
290,575.1765129,0
291,575.2629753,0
292,575.349437,0
293,575.4358979,0
294,575.522358,0
295,575.6088174,0
296,575.6952759,0
297,575.7817337,0
298,575.8681907,0
299,575.9546469,0
300,576.0411023,0
301,576.127557,0
302,576.2140108,0
303,576.3004639,0
304,576.3869162,0
305,576.4733677,0
306,576.5598184,0
307,576.6462683,0
308,576.7327175,0
309,576.8191658,0
310,576.9056134,0
311,576.9920602,0
312,577.0785062,0
313,577.1649514,0
314,577.2513959,0
315,577.3378395,0
316,577.4242824,0
317,577.5107244,0
318,577.5971657,0
319,577.6836062,0
320,577.7700459,0
321,577.8564848,0
322,577.942923,0
323,578.0293603,0
324,578.1157969,0
325,578.2022326,0
326,578.2886676,0
327,578.3751018,0
328,578.4615352,0
329,578.5479678,0
330,578.6343997,0
331,578.7208307,0
332,578.807261,0
333,578.8936904,0
334,578.9801191,0
335,579.066547,0
336,579.152974,0
337,579.2394003,0
338,579.3258259,0
339,579.4122506,0
340,579.4986745,0
341,579.5850976,0
342,579.67152,0
343,579.7579415,0
344,579.8443623,0
345,579.9307823,0
346,580.0172014,0
347,580.1036198,0
348,580.1900374,0
349,580.2764542,0
350,580.3628702,0
351,580.4492854,0
352,580.5356999,0
353,580.6221135,0
354,580.7085263,0
355,580.7949384,0
356,580.8813496,0
357,580.9677601,0
358,581.0541698,0
359,581.1405786,0
360,581.2269867,0
361,581.313394,0
362,581.3998005,0
363,581.4862061,0
364,581.572611,0
365,581.6590151,0
366,581.7454184,0
367,581.831821,0
368,581.9182227,0
369,582.0046236,0
370,582.0910237,0
371,582.177423,0
372,582.2638216,0
373,582.3502193,0
374,582.4366162,0
375,582.5230124,0
376,582.6094077,0
377,582.6958023,0
378,582.782196,0
379,582.868589,0
380,582.9549811,0
381,583.0413725,0
382,583.127763,0
383,583.2141528,0
384,583.3005417,0
385,583.3869299,0
386,583.4733173,0
387,583.5597038,0
388,583.6460896,0
389,583.7324745,0
390,583.8188587,0
391,583.9052421,0
392,583.9916246,0
393,584.0780064,0
394,584.1643874,0
395,584.2507675,0
396,584.3371469,0
397,584.4235255,0
398,584.5099032,0
399,584.5962802,0
400,584.6826564,0
401,584.7690317,0
402,584.8554063,0
403,584.94178,0
404,585.028153,0
405,585.1145251,0
406,585.2008965,0
407,585.287267,0
408,585.3736368,0
409,585.4600057,0
410,585.5463738,0
411,585.6327412,0
412,585.7191077,0
413,585.8054734,0
414,585.8918384,0
415,585.9782025,0
416,586.0645658,0
417,586.1509283,0
418,586.23729,0
419,586.3236509,0
420,586.410011,0
421,586.4963703,0
422,586.5827288,0
423,586.6690865,0
424,586.7554434,0
425,586.8417995,0
426,586.9281547,0
427,587.0145092,0
428,587.1008628,0
429,587.1872157,0
430,587.2735677,0
431,587.359919,0
432,587.4462694,0
433,587.532619,0
434,587.6189678,0
435,587.7053158,0
436,587.791663,0
437,587.8780094,0
438,587.964355,0
439,588.0506998,0
440,588.1370438,0
441,588.2233869,0
442,588.3097293,0
443,588.3960708,0
444,588.4824116,0
445,588.5687515,0
446,588.6550906,0
447,588.7414289,0
448,588.8277664,0
449,588.9141031,0
450,589.000439,0
451,589.086774,0
452,589.1731083,0
453,589.2594417,0
454,589.3457744,0
455,589.4321062,0
456,589.5184372,0
457,589.6047674,0
458,589.6910968,0
459,589.7774254,0
460,589.8637532,0
461,589.9500801,0
462,590.0364063,0
463,590.1227316,0
464,590.2090561,0
465,590.2953798,0
466,590.3817027,0
467,590.4680248,0
468,590.5543461,0
469,590.6406665,0
470,590.7269862,0
471,590.813305,0
472,590.899623,0
473,590.9859402,0
474,591.0722566,0
475,591.1585722,0
476,591.244887,0
477,591.3312009,0
478,591.417514,0
479,591.5038264,0
480,591.5901379,0
481,591.6764485,0
482,591.7627584,0
483,591.8490675,0
484,591.9353757,0
485,592.0216831,0
486,592.1079897,0
487,592.1942955,0
488,592.2806005,0
489,592.3669047,0
490,592.453208,0
491,592.5395105,0
492,592.6258122,0
493,592.7121131,0
494,592.7984132,0
495,592.8847124,0
496,592.9710109,0
497,593.0573085,0
498,593.1436053,0
499,593.2299013,0
500,593.3161964,0
501,593.4024908,0
502,593.4887843,0
503,593.575077,0
504,593.6613689,0
505,593.74766,0
506,593.8339502,0
507,593.9202396,0
508,594.0065283,0
509,594.092816,0
510,594.179103,0
511,594.2653892,0
512,594.3516745,0
513,594.437959,0
514,594.5242427,0
515,594.6105255,0
516,594.6968076,0
517,594.7830888,0
518,594.8693692,0
519,594.9556488,0
520,595.0419275,0
521,595.1282055,0
522,595.2144826,0
523,595.3007589,0
524,595.3870343,0
525,595.473309,0
526,595.5595828,0
527,595.6458558,0
528,595.732128,0
529,595.8183993,0
530,595.9046698,0
531,595.9909395,0
532,596.0772084,0
533,596.1634765,0
534,596.2497437,0
535,596.3360101,0
536,596.4222757,0
537,596.5085404,0
538,596.5948044,0
539,596.6810675,0
540,596.7673298,0
541,596.8535912,0
542,596.9398518,0
543,597.0261116,0
544,597.1123706,0
545,597.1986288,0
546,597.2848861,0
547,597.3711426,0
548,597.4573983,0
549,597.5436531,0
550,597.6299071,0
551,597.7161603,0
552,597.8024127,0
553,597.8886642,0
554,597.9749149,0
555,598.0611648,0
556,598.1474138,0
557,598.2336621,0
558,598.3199094,0
559,598.406156,0
560,598.4924017,0
561,598.5786466,0
562,598.6648907,0
563,598.751134,0
564,598.8373764,0
565,598.923618,0
566,599.0098587,0
567,599.0960987,0
568,599.1823378,0
569,599.268576,0
570,599.3548135,0
571,599.4410501,0
572,599.5272858,0
573,599.6135208,0
574,599.6997549,0
575,599.7859882,0
576,599.8722206,0
577,599.9584522,0
578,600.044683,0
579,600.130913,0
580,600.2171421,0
581,600.3033704,0
582,600.3895978,0
583,600.4758245,0
584,600.5620502,0
585,600.6482752,0
586,600.7344993,0
587,600.8207226,0
588,600.9069451,0
589,600.9931667,0
590,601.0793875,0
591,601.1656074,0
592,601.2518266,0
593,601.3380448,0
594,601.4242623,0
595,601.5104789,0
596,601.5966947,0
597,601.6829096,0
598,601.7691237,0
599,601.855337,0
600,601.9415494,0
601,602.027761,0
602,602.1139718,0
603,602.2001817,0
604,602.2863908,0
605,602.3725991,0
606,602.4588065,0
607,602.5450131,0
608,602.6312188,0
609,602.7174237,0
610,602.8036278,0
611,602.889831,0
612,602.9760334,0
613,603.062235,0
614,603.1484357,0
615,603.2346356,0
616,603.3208346,0
617,603.4070328,0
618,603.4932302,0
619,603.5794267,0
620,603.6656224,0
621,603.7518172,0
622,603.8380113,0
623,603.9242044,0
624,604.0103967,0
625,604.0965882,0
626,604.1827789,0
627,604.2689687,0
628,604.3551577,0
629,604.4413458,0
630,604.5275331,0
631,604.6137195,0
632,604.6999051,0
633,604.7860899,0
634,604.8722738,0
635,604.9584569,0
636,605.0446391,0
637,605.1308205,0
638,605.217001,0
639,605.3031807,0
640,605.3893596,0
641,605.4755376,0
642,605.5617148,0
643,605.6478911,0
644,605.7340666,0
645,605.8202413,0
646,605.9064151,0
647,605.992588,0
648,606.0787602,0
649,606.1649314,0
650,606.2511019,0
651,606.3372715,0
652,606.4234402,0
653,606.5096081,0
654,606.5957751,0
655,606.6819413,0
656,606.7681067,0
657,606.8542712,0
658,606.9404349,0
659,607.0265977,0
660,607.1127597,0
661,607.1989208,0
662,607.2850811,0
663,607.3712405,0
664,607.4573991,0
665,607.5435569,0
666,607.6297137,0
667,607.7158698,0
668,607.802025,0
669,607.8881794,0
670,607.9743329,0
671,608.0604855,0
672,608.1466373,0
673,608.2327883,0
674,608.3189384,0
675,608.4050877,0
676,608.4912361,0
677,608.5773836,0
678,608.6635304,0
679,608.7496762,0
680,608.8358212,0
681,608.9219654,0
682,609.0081087,0
683,609.0942512,0
684,609.1803928,0
685,609.2665336,0
686,609.3526735,0
687,609.4388126,0
688,609.5249508,0
689,609.6110881,0
690,609.6972246,0
691,609.7833603,0
692,609.8694951,0
693,609.9556291,0
694,610.0417622,0
695,610.1278944,0
696,610.2140258,0
697,610.3001564,0
698,610.3862861,0
699,610.4724149,0
700,610.5585429,0
701,610.6446701,0
702,610.7307963,0
703,610.8169218,0
704,610.9030464,0
705,610.9891701,0
706,611.0752929,0
707,611.161415,0
708,611.2475361,0
709,611.3336564,0
710,611.4197759,0
711,611.5058945,0
712,611.5920122,0
713,611.6781291,0
714,611.7642451,0
715,611.8503603,0
716,611.9364746,0
717,612.0225881,0
718,612.1087007,0
719,612.1948125,0
720,612.2809234,0
721,612.3670334,0
722,612.4531426,0
723,612.5392509,0
724,612.6253584,0
725,612.711465,0
726,612.7975707,0
727,612.8836756,0
728,612.9697797,0
729,613.0558828,0
730,613.1419852,0
731,613.2280866,0
732,613.3141872,0
733,613.400287,0
734,613.4863859,0
735,613.5724839,0
736,613.6585811,0
737,613.7446774,0
738,613.8307728,0
739,613.9168674,0
740,614.0029612,0
741,614.089054,0
742,614.175146,0
743,614.2612372,0
744,614.3473275,0
745,614.4334169,0
746,614.5195055,0
747,614.6055932,0
748,614.69168,0
749,614.777766,0
750,614.8638512,0
751,614.9499354,0
752,615.0360188,0
753,615.1221014,0
754,615.208183,0
755,615.2942639,0
756,615.3803438,0
757,615.4664229,0
758,615.5525011,0
759,615.6385785,0
760,615.724655,0
761,615.8107306,0
762,615.8968054,0
763,615.9828793,0
764,616.0689524,0
765,616.1550245,0
766,616.2410958,0
767,616.3271663,0
768,616.4132359,0
769,616.4993046,0
770,616.5853725,0
771,616.6714395,0
772,616.7575056,0
773,616.8435709,0
774,616.9296353,0
775,617.0156988,0
776,617.1017615,0
777,617.1878233,0
778,617.2738842,0
779,617.3599443,0
780,617.4460035,0
781,617.5320618,0
782,617.6181192,0
783,617.7041758,0
784,617.7902316,0
785,617.8762864,0
786,617.9623404,0
787,618.0483936,0
788,618.1344458,0
789,618.2204972,0
790,618.3065477,0
791,618.3925974,0
792,618.4786462,0
793,618.5646941,0
794,618.6507412,0
795,618.7367873,0
796,618.8228326,0
797,618.9088771,0
798,618.9949207,0
799,619.0809634,0
800,619.1670052,0
801,619.2530462,0
802,619.3390862,0
803,619.4251255,0
804,619.5111638,18.15
805,619.5972013,21
806,619.6832379,33.45
807,619.7692736,5.4
808,619.8553085,6.95
809,619.9413425,43.15
810,620.0273756,-16.35
811,620.1134079,12.95
812,620.1994392,32.75
813,620.2854697,20.85
814,620.3714994,29.1
815,620.4575281,-7.8
816,620.543556,16.45
817,620.629583,24.15
818,620.7156092,-14.5
819,620.8016345,12.35
820,620.8876588,33.45
821,620.9736824,31.25
822,621.059705,1.25
823,621.1457268,0.15
824,621.2317477,20.8
825,621.3177677,26
826,621.4037869,-22.6
827,621.4898051,-12.5
828,621.5758225,-4.35
829,621.6618391,10
830,621.7478547,2.85
831,621.8338695,30.55
832,621.9198834,6.2
833,622.0058964,21.8
834,622.0919086,-22.5
835,622.1779198,34.85
836,622.2639302,1.2
837,622.3499398,2.5
838,622.4359484,10.1
839,622.5219562,26.3
840,622.6079631,12.95
841,622.6939691,24.8
842,622.7799742,20.15
843,622.8659785,27.05
844,622.9519818,1.25
845,623.0379843,11.1
846,623.123986,4.75
847,623.2099867,25.25
848,623.2959866,38.95
849,623.3819856,18.8
850,623.4679837,-0.1
851,623.5539809,-27.5
852,623.6399773,16
853,623.7259727,13.55
854,623.8119673,26
855,623.8979611,-3.1
856,623.9839539,-24.4
857,624.0699458,-2.1
858,624.1559369,-16.3
859,624.2419271,18.45
860,624.3279164,-29.75
861,624.4139049,11.4
862,624.4998924,-19.4
863,624.5858791,0.05
864,624.6718649,20.2
865,624.7578498,-10.6
866,624.8438338,40.8
867,624.929817,-3.85
868,625.0157993,36.6
869,625.1017806,-10
870,625.1877612,1.85
871,625.2737408,11.95
872,625.3597195,-6.3
873,625.4456974,-12.2
874,625.5316743,-9.75
875,625.6176504,22.5
876,625.7036257,38.05
877,625.7896,26
878,625.8755734,9.35
879,625.961546,14.75
880,626.0475177,-17.8
881,626.1334884,3.85
882,626.2194584,16.15
883,626.3054274,-3.75
884,626.3913955,23.6
885,626.4773628,5.15
886,626.5633291,2.15
887,626.6492946,-3.55
888,626.7352592,11.6
889,626.8212229,-2.7
890,626.9071858,4.2
891,626.9931477,26.2
892,627.0791088,29.25
893,627.1650689,44.65
894,627.2510282,8.85
895,627.3369866,-10.5
896,627.4229441,25.85
897,627.5089008,13.05
898,627.5948565,32.6
899,627.6808114,39
900,627.7667653,17.65
901,627.8527184,10.15
902,627.9386706,29.35
903,628.0246219,-11.65
904,628.1105723,36.15
905,628.1965219,38.85
906,628.2824705,13.75
907,628.3684182,26.75
908,628.4543651,10.75
909,628.5403111,20.55
910,628.6262562,10.35
911,628.7122004,20.3
912,628.7981437,27.2
913,628.8840861,0.85
914,628.9700276,28.05
915,629.0559683,-16.25
916,629.141908,-1.3
917,629.2278469,-2.75
918,629.3137848,19.7
919,629.3997219,19.75
920,629.4856581,29.95
921,629.5715934,18.9
922,629.6575278,-13.3
923,629.7434613,-16.25
924,629.829394,-7.75
925,629.9153257,-18.95
926,630.0012565,1.6
927,630.0871865,4.65
928,630.1731156,16.75
929,630.2590437,-12.7
930,630.344971,8.5
931,630.4308974,41.6
932,630.5168229,6.6
933,630.6027475,-7.25
934,630.6886712,10
935,630.774594,6.6
936,630.8605159,5.35
937,630.9464369,23.3
938,631.0323571,19.05
939,631.1182763,10.4
940,631.2041947,37
941,631.2901121,-12.6
942,631.3760287,5.45
943,631.4619443,24.6
944,631.5478591,-8.5
945,631.633773,0.4
946,631.7196859,2.6
947,631.805598,23.75
948,631.8915092,3.95
949,631.9774195,20.5
950,632.0633289,32.9
951,632.1492374,-5.1
952,632.235145,19.85
953,632.3210517,22.05
954,632.4069575,0.15
955,632.4928624,11.45
956,632.5787665,6.35
957,632.6646696,26.4
958,632.7505718,-5.55
959,632.8364731,27.1
960,632.9223736,17.75
961,633.0082731,-0.35
962,633.0941718,35.5
963,633.1800695,12.8
964,633.2659663,21.8
965,633.3518623,34.05
966,633.4377573,10.6
967,633.5236515,-9.45
968,633.6095447,20.9
969,633.6954371,33.8
970,633.7813285,7.85
971,633.8672191,12.15
972,633.9531087,13.1
973,634.0389975,10.35
974,634.1248853,-8.35
975,634.2107723,38.2
976,634.2966583,39
977,634.3825435,2.45
978,634.4684277,-1.5
979,634.5543111,-7.2
980,634.6401935,20.45
981,634.7260751,0.25
982,634.8119557,28.5
983,634.8978355,-5.85
984,634.9837143,11.3
985,635.0695923,-9.5
986,635.1554693,0.55
987,635.2413455,-5.5
988,635.3272207,19.15
989,635.4130951,8.2
990,635.4989685,19.4
991,635.584841,25.95
992,635.6707127,0.9
993,635.7565834,20.95
994,635.8424532,43
995,635.9283221,26
996,636.0141902,23.7
997,636.1000573,37.35
998,636.1859235,59.7
999,636.2717888,11.95
1000,636.3576532,18.85
1001,636.4435167,16.9
1002,636.5293793,33.15
1003,636.615241,32.85
1004,636.7011018,9.6
1005,636.7869616,16.55
1006,636.8728206,20.8
1007,636.9586787,18.9
1008,637.0445359,4.8
1009,637.1303921,22.35
1010,637.2162475,48.1
1011,637.3021019,10.45
1012,637.3879555,-1.45
1013,637.4738081,34
1014,637.5596598,15.05
1015,637.6455107,12.7
1016,637.7313606,29.5
1017,637.8172096,2.6
1018,637.9030577,45.2
1019,637.9889049,16.85
1020,638.0747512,6.8
1021,638.1605966,20.6
1022,638.246441,5.35
1023,638.3322846,-16
1024,638.4181273,23.6
1025,638.503969,17.2
1026,638.5898098,3.55
1027,638.6756498,36.15
1028,638.7614888,-8.9
1029,638.8473269,7.5
1030,638.9331641,27.55
1031,639.0190004,-1.2
1032,639.1048358,25.4
1033,639.1906703,30.05
1034,639.2765038,19.85
1035,639.3623365,24.1
1036,639.4481683,25.05
1037,639.5339991,-7.95
1038,639.619829,16.9
1039,639.705658,-10.4
1040,639.7914861,48.6
1041,639.8773133,82.55
1042,639.9631396,-8.5
1043,640.048965,0.45
1044,640.1347895,-1.42E-14
1045,640.220613,-18.6
1046,640.3064356,-1.2
1047,640.3922574,-29.65
1048,640.4780782,-3.2
1049,640.5638981,-15.25
1050,640.6497171,32.1
1051,640.7355351,3.25
1052,640.8213523,59.05
1053,640.9071686,12.55
1054,640.9929839,5.95
1055,641.0787983,26.1
1056,641.1646118,-2.05
1057,641.2504244,-13.35
1058,641.3362361,15.75
1059,641.4220469,25.9
1060,641.5078567,-1.35
1061,641.5936657,38
1062,641.6794737,31.1
1063,641.7652808,27
1064,641.851087,24.5
1065,641.9368923,1.2
1066,642.0226967,25.65
1067,642.1085001,-14.8
1068,642.1943026,23.7
1069,642.2801043,-12.5
1070,642.365905,-8
1071,642.4517048,-3.45
1072,642.5375036,-21.15
1073,642.6233016,22.15
1074,642.7090986,4.85
1075,642.7948948,0.7
1076,642.88069,-22.95
1077,642.9664842,25.1
1078,643.0522776,17.45
1079,643.1380701,18.7
1080,643.2238616,1.45
1081,643.3096522,0.35
1082,643.3954419,37.65
1083,643.4812307,23
1084,643.5670186,-11.15
1085,643.6528055,-1.25
1086,643.7385916,-0.2
1087,643.8243767,2.45
1088,643.9101609,27.7
1089,643.9959441,0.85
1090,644.0817265,1.25
1091,644.1675079,-1.95
1092,644.2532884,11.95
1093,644.339068,-1.8
1094,644.4248467,16.1
1095,644.5106245,19.65
1096,644.5964013,-5.4
1097,644.6821772,10.85
1098,644.7679522,-12.75
1099,644.8537263,23.9
1100,644.9394994,1.45
1101,645.0252717,1.6
1102,645.111043,-24.75
1103,645.1968134,7.3
1104,645.2825828,9.85
1105,645.3683514,-5.55
1106,645.454119,1.4
1107,645.5398857,2.65
1108,645.6256515,9.3
1109,645.7114163,-5.85
1110,645.7971803,10.65
1111,645.8829433,2.7
1112,645.9687054,1.05
1113,646.0544665,-15.2
1114,646.1402268,19.4
1115,646.2259861,9
1116,646.3117445,2.5
1117,646.397502,-6.9
1118,646.4832585,0.5
1119,646.5690141,6
1120,646.6547688,-4.55
1121,646.7405226,14.9
1122,646.8262755,16.4
1123,646.9120274,12.9
1124,646.9977784,-31.8
1125,647.0835285,-19.8
1126,647.1692776,-1.15
1127,647.2550258,1.35
1128,647.3407731,-8.15
1129,647.4265195,-30.75
1130,647.512265,-19.15
1131,647.5980095,-10.25
1132,647.6837531,36
1133,647.7694957,-31.2
1134,647.8552375,6.35
1135,647.9409783,34.4
1136,648.0267182,0.25
1137,648.1124572,-0.45
1138,648.1981952,-8.4
1139,648.2839323,8.7
1140,648.3696685,-7.85
1141,648.4554037,-27.25
1142,648.5411381,9.9
1143,648.6268715,-3.5
1144,648.7126039,-21.25
1145,648.7983355,-18.25
1146,648.8840661,-1.15
1147,648.9697958,11.65
1148,649.0555245,-34.75
1149,649.1412523,20.7
1150,649.2269792,-0.95
1151,649.3127052,4.2
1152,649.3984302,-3.35
1153,649.4841543,10.75
1154,649.5698775,15.75
1155,649.6555998,37.75
1156,649.7413211,-7.6
1157,649.8270415,15.4
1158,649.9127609,9.4
1159,649.9984794,-4.3
1160,650.084197,13.7
1161,650.1699137,-4.85
1162,650.2556294,-23.55
1163,650.3413442,4.05
1164,650.4270581,-7.3
1165,650.512771,-0.55
1166,650.598483,-6.8
1167,650.6841941,9.3
1168,650.7699042,-16.25
1169,650.8556135,1.45
1170,650.9413217,-11
1171,651.0270291,8.05
1172,651.1127355,-24.5
1173,651.198441,-13.15
1174,651.2841455,-1.4
1175,651.3698491,-41.7
1176,651.4555518,-1.7
1177,651.5412535,5.75
1178,651.6269543,7.85
1179,651.7126542,-14.65
1180,651.7983531,-20.55
1181,651.8840511,-27.55
1182,651.9697482,45.3
1183,652.0554444,-9.55
1184,652.1411396,0.1
1185,652.2268338,-12.05
1186,652.3125272,6.25
1187,652.3982195,-11.75
1188,652.483911,-1.25
1189,652.5696015,-50.8
1190,652.6552911,-26.5
1191,652.7409798,12.7
1192,652.8266675,-7.9
1193,652.9123543,-8.75
1194,652.9980401,3.1
1195,653.083725,-8.25
1196,653.169409,-23.4
1197,653.255092,-15.55
1198,653.3407741,-20.35
1199,653.4264553,-11.45
1200,653.5121355,4.65
1201,653.5978148,18.25
1202,653.6834931,-6.75
1203,653.7691705,-1.3
1204,653.854847,-11.55
1205,653.9405225,1.5
1206,654.0261971,2.85
1207,654.1118707,2.65
1208,654.1975435,-4.9
1209,654.2832152,-18.1
1210,654.3688861,-0.65
1211,654.454556,15.9
1212,654.5402249,-15.65
1213,654.6258929,-17.45
1214,654.71156,-31.9
1215,654.7972261,-19.45
1216,654.8828913,8.3
1217,654.9685556,12.35
1218,655.0542189,30.1
1219,655.1398813,-8.4
1220,655.2255427,6.1
1221,655.3112032,-35.4
1222,655.3968627,-15.25
1223,655.4825213,17
1224,655.568179,-16.05
1225,655.6538357,-12.45
1226,655.7394915,38.35
1227,655.8251464,51.3
1228,655.9108002,-19.7
1229,655.9964532,-30.3
1230,656.0821052,18.5
1231,656.1677563,-27.9
1232,656.2534064,50.1
1233,656.3390556,-1.7
1234,656.4247038,0.25
1235,656.5103511,-1.15
1236,656.5959975,2.15
1237,656.6816429,-13.05
1238,656.7672874,16.65
1239,656.8529309,-6.25
1240,656.9385735,31.25
1241,657.0242151,14
1242,657.1098558,24.1
1243,657.1954955,10.75
1244,657.2811343,10.15
1245,657.3667722,-12.7
1246,657.4524091,19.05
1247,657.538045,18.25
1248,657.6236801,-7.55
1249,657.7093141,1.9
1250,657.7949472,59.95
1251,657.8805794,-5.4
1252,657.9662107,22.85
1253,658.0518409,33.4
1254,658.1374703,21.85
1255,658.2230987,9.5
1256,658.3087261,11.8
1257,658.3943526,-9.9
1258,658.4799782,30.05
1259,658.5656028,8.15
1260,658.6512264,-8.85
1261,658.7368491,-2.35
1262,658.8224709,5.05
1263,658.9080917,-16.3
1264,658.9937116,-14.35
1265,659.0793305,5.45
1266,659.1649484,19.05
1267,659.2505655,24.2
1268,659.3361815,4.05
1269,659.4217966,8.6
1270,659.5074108,2.9
1271,659.593024,10.1
1272,659.6786363,15.25
1273,659.7642476,1.6
1274,659.849858,-1.4
1275,659.9354674,-20.2
1276,660.0210759,56.25
1277,660.1066834,60.35
1278,660.19229,73.2
1279,660.2778956,38.7
1280,660.3635003,17.6
1281,660.449104,23.75
1282,660.5347067,6.85
1283,660.6203086,28.5
1284,660.7059094,21.35
1285,660.7915093,25.9
1286,660.8771083,21.95
1287,660.9627063,25
1288,661.0483033,42.2
1289,661.1338994,34.3
1290,661.2194946,27.5
1291,661.3050888,8.55
1292,661.390682,-6.25
1293,661.4762743,25.8
1294,661.5618657,54.5
1295,661.647456,50.85
1296,661.7330455,2.3
1297,661.8186339,18.35
1298,661.9042215,8.5
1299,661.989808,13.8
1300,662.0753936,34.7
1301,662.1609783,24.55
1302,662.246562,40.6
1303,662.3321447,7.8
1304,662.4177265,32.9
1305,662.5033074,35
1306,662.5888873,1.15
1307,662.6326692,19.05
1308,662.7190418,33.05
1309,662.8054136,0.3
1310,662.8917847,14.3
1311,662.978155,33.6
1312,663.0645245,26.85
1313,663.1508933,12.65
1314,663.2372613,29.55
1315,663.3236285,26.25
1316,663.4099949,38.2
1317,663.4963605,-28.85
1318,663.5827254,-33.55
1319,663.6690895,32.3
1320,663.7554528,9.35
1321,663.8418154,20.2
1322,663.9281771,35.05
1323,664.0145381,9.3
1324,664.1008984,16.05
1325,664.1872578,30.85
1326,664.2736165,-8.7
1327,664.3599743,-39.25
1328,664.4463315,19.05
1329,664.5326878,11.85
1330,664.6190433,20.8
1331,664.7053981,24.8
1332,664.7917521,5.55
1333,664.8781053,-10.5
1334,664.9644578,4.75
1335,665.0508094,-3.9
1336,665.1371603,-7.8
1337,665.2235104,5.75
1338,665.3098597,9.95
1339,665.3962083,4.85
1340,665.4825561,65.6
1341,665.568903,9.4
1342,665.6552493,2.8
1343,665.7415947,-3.2
1344,665.8279393,-6.55
1345,665.9142832,-6.15
1346,666.0006263,15.45
1347,666.0869686,-5.1
1348,666.1733101,26.4
1349,666.2596509,-12.9
1350,666.3459908,14.95
1351,666.43233,-36.3
1352,666.5186684,14.45
1353,666.605006,-3.15
1354,666.6913428,7.85
1355,666.7776789,-3.15
1356,666.8640142,-1.35
1357,666.9503487,18.1
1358,667.0366824,-29.4
1359,667.1230153,17.1
1360,667.2093474,-8.9
1361,667.2956788,-22.75
1362,667.3820094,29.75
1363,667.4683392,23.85
1364,667.5546682,-4.2
1365,667.6409964,18.85
1366,667.7273238,-17.5
1367,667.8136505,21.5
1368,667.8999764,-31.05
1369,667.9863014,-20.65
1370,668.0726257,-2.25
1371,668.1589493,-1.1
1372,668.245272,41.3
1373,668.3315939,-17.45
1374,668.4179151,9
1375,668.5042355,6.5
1376,668.5905551,20.45
1377,668.6768739,1.9
1378,668.7631919,3.7
1379,668.8495091,8.7
1380,668.9358256,-7.5
1381,669.0221412,25.8
1382,669.1084561,-15.6
1383,669.1947702,-12.6
1384,669.2810835,4.3
1385,669.367396,10.7
1386,669.4537077,48.3
1387,669.5400186,19
1388,669.6263288,7.1
1389,669.7126381,0.85
1390,669.7989467,-19.9
1391,669.8852545,-21.3
1392,669.9715615,35.4
1393,670.0578677,3.25
1394,670.1441731,-34.65
1395,670.2304777,35.05
1396,670.3167816,-24.85
1397,670.4030846,26.4
1398,670.4893869,28.2
1399,670.5756883,25.45
1400,670.661989,0.1
1401,670.7482889,5.25
1402,670.834588,25.8
1403,670.9208863,22.05
1404,671.0071838,-6.9
1405,671.0934806,1.2
1406,671.1797765,-7.95
1407,671.2660716,28.25
1408,671.352366,17.3
1409,671.4386595,31.7
1410,671.5249523,15.95
1411,671.6112443,-4.4
1412,671.6975355,0.75
1413,671.7838259,46.95
1414,671.8701155,-7.25
1415,671.9564043,2.25
1416,672.0426923,4.05
1417,672.1289795,-6.8
1418,672.215266,13.2
1419,672.3015516,-45.35
1420,672.3878364,10.15
1421,672.4741205,16
1422,672.5604037,15.3
1423,672.6466862,18.5
1424,672.7329679,-0.2
1425,672.8192487,13
1426,672.9055288,-3.45
1427,672.9918081,30.5
1428,673.0780866,2.3
1429,673.1643643,20.2
1430,673.2506412,-37.25
1431,673.3369173,21.25
1432,673.4231926,31.45
1433,673.5094671,-11.9
1434,673.5957408,51.55
1435,673.6820138,-5.95
1436,673.7682859,44
1437,673.8545572,39.4
1438,673.9408277,0.3
1439,674.0270975,-10.05
1440,674.1133664,-22.1
1441,674.1996345,13
1442,674.2859019,-2.7
1443,674.3721684,17.25
1444,674.4584342,-18.2
1445,674.5446991,34.1
1446,674.6309633,24.9
1447,674.7172266,23.95
1448,674.8034892,7.1
1449,674.889751,7.55
1450,674.9760119,25.4
1451,675.0622721,-1.75
1452,675.1485314,-34.4
1453,675.23479,1.6
1454,675.3210478,3
1455,675.4073047,21
1456,675.4935609,8.05
1457,675.5798163,25.5
1458,675.6660708,-40
1459,675.7523246,35.3
1460,675.8385775,15.3
1461,675.9248297,32.8
1462,676.0110811,10.65
1463,676.0973316,3.3
1464,676.1835814,25
1465,676.2698303,25.15
1466,676.3560785,2.8
1467,676.4423259,32.7
1468,676.5285724,57.85
1469,676.6148182,-6.8
1470,676.7010631,18.85
1471,676.7873073,9.7
1472,676.8735506,6.85
1473,676.9597931,23.05
1474,677.0460349,8.9
1475,677.1322758,-9.8
1476,677.218516,-1.2
1477,677.3047553,-12.05
1478,677.3909938,20.95
1479,677.4772315,-9.75
1480,677.5634685,-4.1
1481,677.6497046,24.25
1482,677.7359399,-5.65
1483,677.8221744,18.35
1484,677.9084081,31
1485,677.994641,7.2
1486,678.0808731,16.35
1487,678.1671044,9.55
1488,678.2533348,-5.7
1489,678.3395645,-7.6
1490,678.4257934,17.05
1491,678.5120214,43.9
1492,678.5982487,-12.15
1493,678.6844752,21.8
1494,678.7707008,-37.6
1495,678.8569256,-7.6
1496,678.9431497,40
1497,679.0293729,-27.65
1498,679.1155953,26.85
1499,679.2018169,26.2
1500,679.2880377,28.15
1501,679.3742577,11.7
1502,679.4604769,-3.25
1503,679.5466953,45.7
1504,679.6329129,54.2
1505,679.7191296,17.75
1506,679.8053456,9.85
1507,679.8915607,2.05
1508,679.9777751,16.95
1509,680.0639886,26.15
1510,680.1502013,14
1511,680.2364132,27.05
1512,680.3226244,19.25
1513,680.4088346,-5.4
1514,680.4950441,7.3
1515,680.5812528,13.3
1516,680.6674607,-8.45
1517,680.7536677,-10.7
1518,680.839874,-10.2
1519,680.9260794,0.9
1520,681.012284,11.95
1521,681.0984878,33.4
1522,681.1846908,50.2
1523,681.270893,1.65
1524,681.3570944,4.2
1525,681.4432949,-27.75
1526,681.5294947,-2.75
1527,681.6156936,-18.3
1528,681.7018918,28.35
1529,681.7880891,9.2
1530,681.8742856,25.4
1531,681.9604813,15.9
1532,682.0466762,-13.95
1533,682.1328702,-3.15
1534,682.2190635,-10.6
1535,682.3052559,4.25
1536,682.3914475,-4.35
1537,682.4776383,25.7
1538,682.5638283,-22.2
1539,682.6500175,11.8
1540,682.7362059,26.9
1541,682.8223934,10.3
1542,682.9085802,2.15
1543,682.9947661,3.2
1544,683.0809512,28.2
1545,683.1671355,11.3
1546,683.253319,7.3
1547,683.3395016,-12.5
1548,683.4256835,19.75
1549,683.5118645,-15.8
1550,683.5980447,-21.2
1551,683.6842241,26.65
1552,683.7704027,20.9
1553,683.8565805,40.95
1554,683.9427574,11.3
1555,684.0289336,-17.9
1556,684.1151089,35.9
1557,684.2012834,-20.1
1558,684.2874571,-4.6
1559,684.3736299,-20.85
1560,684.459802,-17.5
1561,684.5459732,35.95
1562,684.6321436,44.6
1563,684.7183132,27.1
1564,684.804482,14.35
1565,684.8906499,11.65
1566,684.9768171,-10.2
1567,685.0629834,-17.95
1568,685.1491489,38.75
1569,685.2353136,38.3
1570,685.3214774,15.1
1571,685.4076404,-10.4
1572,685.4938027,23.35
1573,685.5799641,-8.05
1574,685.6661246,22.7
1575,685.7522844,-41.6
1576,685.8384433,18.4
1577,685.9246015,-20.3
1578,686.0107588,13.8
1579,686.0969152,-12.85
1580,686.1830709,9.7
1581,686.2692257,67.5
1582,686.3553797,18.65
1583,686.4415329,-22.15
1584,686.5276853,6.7
1585,686.6138368,-11.1
1586,686.6999875,-34.15
1587,686.7861374,7.25
1588,686.8722865,1.65
1589,686.9584348,-5.05
1590,687.0445822,9.1
1591,687.1307288,28.3
1592,687.2168746,-16.7
1593,687.3030196,24.6
1594,687.3891637,10.5
1595,687.475307,-7.2
1596,687.5614495,8.9
1597,687.6475912,15.75
1598,687.733732,4.3
1599,687.819872,15.35
1600,687.9060112,36.3
1601,687.9921496,40.35
1602,688.0782871,17.9
1603,688.1644239,26.65
1604,688.2505598,34.85
1605,688.3366948,27.75
1606,688.4228291,4.85
1607,688.5089625,13.7
1608,688.5950951,27.8
1609,688.6812268,35.8
1610,688.7673578,34.85
1611,688.8534879,26.45
1612,688.9396172,-3
1613,689.0257456,52.95
1614,689.1118732,13.55
1615,689.198,-22.75
1616,689.284126,-5.35
1617,689.3702512,-5.95
1618,689.4563755,0.7
1619,689.542499,22.2
1620,689.6286216,53.8
1621,689.7147435,31.4
1622,689.8008645,24.1
1623,689.8869847,-12.05
1624,689.973104,39.4
1625,690.0592225,-4.26E-14
1626,690.1453402,5.7
1627,690.2314571,3.9
1628,690.3175731,30.45
1629,690.4036883,10.9
1630,690.4898027,-6.65
1631,690.5759162,3.9
1632,690.6620289,39.35
1633,690.7481408,27.45
1634,690.8342519,3.35
1635,690.9203621,-0.85
1636,691.0064715,-28.7
1637,691.09258,16.35
1638,691.1786878,28.65
1639,691.2647946,-0.85
1640,691.3509007,13.8
1641,691.4370059,6.35
1642,691.5231103,-51.8
1643,691.6092139,11.15
1644,691.6953166,-7.7
1645,691.7814185,31.7
1646,691.8675196,-2.05
1647,691.9536199,5.2
1648,692.0397193,0.45
1649,692.1258178,44.7
1650,692.2119156,33.9
1651,692.2980125,33.7
1652,692.3841085,34.35
1653,692.4702038,40.65
1654,692.5562982,21.2
1655,692.6423917,44.8
1656,692.7284845,22.05
1657,692.8145764,3.25
1658,692.9006674,30.5
1659,692.9867577,7.4
1660,693.0728471,64.65
1661,693.1589356,44.25
1662,693.2450234,-27
1663,693.3311102,45.6
1664,693.4171963,55.65
1665,693.5032815,33.9
1666,693.5893659,25.5
1667,693.6754494,36.65
1668,693.7615321,21.9
1669,693.847614,59.3
1670,693.9336951,16.65
1671,694.0197753,3.9
1672,694.1058546,15
1673,694.1919331,29.9
1674,694.2780108,40.35
1675,694.3640877,43.9
1676,694.4501637,19.35
1677,694.5362389,12.4
1678,694.6223132,24.9
1679,694.7083867,22.15
1680,694.7944593,29.55
1681,694.8805312,42.2
1682,694.9666021,20.5
1683,695.0526723,76.5
1684,695.1387416,-3.95
1685,695.22481,36.1
1686,695.3108777,24.95
1687,695.3969445,23.3
1688,695.4830104,-0.6
1689,695.5690755,35.9
1690,695.6551398,-0.35
1691,695.7412032,10.35
1692,695.8272658,24.05
1693,695.9133275,20
1694,695.9993884,14.9
1695,696.0854485,41.1
1696,696.1715077,41.05
1697,696.2575661,40.3
1698,696.3436236,35.35
1699,696.4296803,10.5
1700,696.5157361,46.7
1701,696.6017911,-2.6
1702,696.6878453,-29.45
1703,696.7738986,-4.25
1704,696.8599511,37.55
1705,696.9460028,35.9
1706,697.0320536,29.3
1707,697.1181035,22.1
1708,697.2041526,28.25
1709,697.2902009,3.6
1710,697.3762483,1.8
1711,697.4622949,51.1
1712,697.5483406,24.95
1713,697.6343855,68.9
1714,697.7204296,32.65
1715,697.8064728,8.65
1716,697.8925151,33.75
1717,697.9785566,10.65
1718,698.0645973,17.6
1719,698.1506371,8.35
1720,698.2366761,44.45
1721,698.3227142,59.3
1722,698.4087515,36.8
1723,698.4947879,41.55
1724,698.5808235,22.3
1725,698.6668583,14.5
1726,698.7528922,54.15
1727,698.8389252,8.25
1728,698.9249574,28.15
1729,699.0109888,36.3
1730,699.0970193,33.6
1731,699.183049,8.2
1732,699.2690778,28.45
1733,699.3551058,40.85
1734,699.4411329,24.35
1735,699.5271592,24.05
1736,699.6131846,28.35
1737,699.6992092,15.6
1738,699.7852329,26.35
1739,699.8712558,10.05
1740,699.9572778,42.7
1741,700.043299,1.15
1742,700.1293193,45.15
1743,700.2153388,-8.65
1744,700.3013574,-3.15
1745,700.3873752,22.55
1746,700.4733922,21.4
1747,700.5594082,25.4
1748,700.6454235,34.65
1749,700.7314379,12.5
1750,700.8174514,-22.6
1751,700.9034641,11.75
1752,700.9894759,13.25
1753,701.0754869,34.3
1754,701.161497,39.95
1755,701.2475063,72.5
1756,701.3335147,79.1
1757,701.4195223,-1.05
1758,701.505529,36.6
1759,701.5915349,-3
1760,701.6775399,7.65
1761,701.7635441,33.55
1762,701.8495474,-4.6
1763,701.9355499,27.9
1764,702.0215515,-24.95
1765,702.1075522,7
1766,702.1935521,-3.55
1767,702.2795512,12.25
1768,702.3655494,35
1769,702.4515467,35.35
1770,702.5375432,52.15
1771,702.6235388,32.15
1772,702.7095336,49
1773,702.7955275,13
1774,702.8815206,10.75
1775,702.9675128,55
1776,703.0535042,23.8
1777,703.1394947,26.55
1778,703.2254843,72.15
1779,703.3114731,44.85
1780,703.397461,-7.5
1781,703.4834481,13.15
1782,703.5694344,33.75
1783,703.6554197,35.9
1784,703.7414042,63.6
1785,703.8273879,45.5
1786,703.9133707,38.35
1787,703.9993526,25.05
1788,704.0853337,13.7
1789,704.1713139,74.05
1790,704.2572933,51.35
1791,704.3432718,47.1
1792,704.4292495,56.6
1793,704.5152263,52.6
1794,704.6012022,70.25
1795,704.6871773,14.2
1796,704.7731515,53.8
1797,704.8591249,41.3
1798,704.9450974,65.95
1799,705.031069,15.05
1800,705.1170398,18.4
1801,705.2030098,27.6
1802,705.2889788,59.7
1803,705.374947,16.05
1804,705.4609144,40.6
1805,705.5468809,39.2
1806,705.6328465,65.85
1807,705.7188113,46.3
1808,705.8047752,49.8
1809,705.8907382,1.2
1810,705.9767004,34.5
1811,706.0626617,62.45
1812,706.1486222,44.05
1813,706.2345818,84.8
1814,706.3205405,28.75
1815,706.4064984,60.9
1816,706.4924554,28.05
1817,706.5784116,29.4
1818,706.6643669,46.1
1819,706.7503213,46.1
1820,706.8362749,70.6
1821,706.9222276,90.85
1822,707.0081794,19.5
1823,707.0941304,32.5
1824,707.1800805,22.05
1825,707.2660298,62.65
1826,707.3519782,50.45
1827,707.4379257,88.6
1828,707.5238723,71
1829,707.6098181,35.3
1830,707.6957631,84.75
1831,707.7817071,52.3
1832,707.8676503,81.45
1833,707.9535927,27.55
1834,708.0395342,52
1835,708.1254748,38.2
1836,708.2114145,53.85
1837,708.2973534,69.4
1838,708.3832914,56.15
1839,708.4692285,15.75
1840,708.5551648,69.3
1841,708.6411002,72.25
1842,708.7270348,66.95
1843,708.8129685,56.3
1844,708.8989013,40.7
1845,708.9848332,26.3
1846,709.0707643,107.05
1847,709.1566945,83.15
1848,709.2426239,36.7
1849,709.3285524,72.6
1850,709.41448,28.25
1851,709.5004067,94.05
1852,709.5863326,65.45
1853,709.6722576,49.55
1854,709.7581817,41.7
1855,709.844105,45.25
1856,709.9300274,76
1857,710.0159489,106.65
1858,710.1018696,40.65
1859,710.1877894,30.95
1860,710.2737083,45.55
1861,710.3596264,67.2
1862,710.4455435,7.2
1863,710.5314599,64.2
1864,710.6173753,55.2
1865,710.7032899,76
1866,710.7892036,59.55
1867,710.8751164,70.05
1868,710.9610284,78.25
1869,711.0469395,85
1870,711.1328497,114.2
1871,711.218759,72.5
1872,711.3046675,85.65
1873,711.3905751,109.7
1874,711.4764819,35.9
1875,711.5623877,67.1
1876,711.6482927,86.75
1877,711.7341968,90.45
1878,711.8201001,83.65
1879,711.9060025,65.35
1880,711.991904,103.95
1881,712.0778046,63
1882,712.1637043,47.4
1883,712.2496032,73.15
1884,712.3355012,133.85
1885,712.4213984,94.65
1886,712.5072946,69.3
1887,712.59319,99.15
1888,712.6790845,107.6
1889,712.7649781,53.85
1890,712.8508709,106.25
1891,712.9367628,89.15
1892,713.0226538,99.7
1893,713.1085439,97.5
1894,713.1944332,81.55
1895,713.2803216,91.9
1896,713.3662091,84.9
1897,713.4520957,65.95
1898,713.5379815,75.55
1899,713.6238664,96.2
1900,713.7097504,86.15
1901,713.7956335,78.55
1902,713.8815158,74.2
1903,713.9673972,132.4
1904,714.0532777,67.3
1905,714.1391573,113.65
1906,714.225036,95.4
1907,714.3109139,76.05
1908,714.3967909,77.9
1909,714.482667,116.15
1910,714.5685422,105.9
1911,714.6544166,99
1912,714.7402901,105.15
1913,714.8261627,108.3
1914,714.9120344,104.95
1915,714.9979052,52
1916,715.0837752,128.25
1917,715.1696443,118.9
1918,715.2555125,66.35
1919,715.3413798,91.3
1920,715.4272463,47.25
1921,715.5131118,91.55
1922,715.5989765,62.95
1923,715.6848403,144.9
1924,715.7707032,72.05
1925,715.8565653,74.85
1926,715.9424264,110.6
1927,716.0282867,81.55
1928,716.1141461,95.6
1929,716.2000047,105.4
1930,716.2858623,106.5
1931,716.371719,125.9
1932,716.4575749,116.7
1933,716.5434299,151.2
1934,716.629284,147.15
1935,716.7151373,110.15
1936,716.8009896,121.95
1937,716.8868411,130.35
1938,716.9726917,160.8
1939,717.0585414,131.7
1940,717.1443902,129.1
1941,717.2302381,72.65
1942,717.3160852,121.85
1943,717.4019313,109.15
1944,717.4877766,128.4
1945,717.573621,139.95
1946,717.6594645,149.2
1947,717.7453072,172.1
1948,717.8311489,103.35
1949,717.9169898,129.15
1950,718.0028297,148.85
1951,718.0886688,161.25
1952,718.174507,169.3
1953,718.2603444,139.6
1954,718.3461808,150.15
1955,718.4320163,192.25
1956,718.517851,142.4
1957,718.6036848,155.85
1958,718.6895177,147.45
1959,718.7753497,160.2
1960,718.8611808,158.3
1961,718.947011,160.4
1962,719.0328404,179.95
1963,719.1186688,154.85
1964,719.2044964,165.8
1965,719.2903231,137.6
1966,719.3761489,206.45
1967,719.4619738,228.2
1968,719.5477978,210.95
1969,719.6336209,148.4
1970,719.7194432,176.2
1971,719.8052645,224.75
1972,719.891085,188.1
1973,719.9769046,166.75
1974,720.0627233,193.8
1975,720.1485411,211.4
1976,720.234358,169.85
1977,720.320174,167.95
1978,720.4059892,152.25
1979,720.4918034,215.55
1980,720.5776168,257.2
1981,720.6634292,185.45
1982,720.7492408,202.25
1983,720.8350515,227.35
1984,720.9208613,231.55
1985,721.0066702,199.65
1986,721.0924782,238.9
1987,721.1782853,174.65
1988,721.2640915,167.15
1989,721.3498969,239
1990,721.4357013,206.5
1991,721.5215049,259.6
1992,721.6073075,231.2
1993,721.6931093,221.35
1994,721.7789102,272.05
1995,721.8647101,201.1
1996,721.9505092,239.65
1997,722.0363074,284.6
1998,722.1221047,290.65
1999,722.2079012,201.2
2000,722.2936967,236.8
2001,722.3794913,190.05
2002,722.465285,244.35
2003,722.5510779,290.15
2004,722.6368698,262.55
2005,722.7226609,284.4
2006,722.808451,247.7
2007,722.8942403,230.05
2008,722.9800287,271.65
2009,723.0658161,257.55
2010,723.1516027,295.7
2011,723.2373884,308.15
2012,723.3231732,282.5
2013,723.4089571,301.05
2014,723.4947401,258.55
2015,723.5805222,283.5
2016,723.6663034,289.05
2017,723.7520837,246.9
2018,723.8378631,296.55
2019,723.9236416,315.15
2020,724.0094192,258.95
2021,724.0951959,297.95
2022,724.1809718,318.25
2023,724.2667467,300.3
2024,724.3525207,289.35
2025,724.4382938,337.4
2026,724.5240661,372.95
2027,724.6098374,346.2
2028,724.6956079,378.9
2029,724.7813774,301.85
2030,724.867146,275.35
2031,724.9529138,351.85
2032,725.0386806,353.6
2033,725.1244466,349.65
2034,725.2102116,343.15
2035,725.2959758,378.8
2036,725.381739,377.05
2037,725.4675014,388.6
2038,725.5532628,406.65
2039,725.6390234,413.85
2040,725.724783,322.4
2041,725.8105418,383.65
2042,725.8962996,425.5
2043,725.9820565,376.3
2044,726.0678126,390.2
2045,726.1535677,392.75
2046,726.239322,448.2
2047,726.3250753,428.1
2048,726.4108278,469.05
2049,726.4965793,396.8
2050,726.5823299,412.7
2051,726.6680797,374.15
2052,726.7538285,418.55
2053,726.8395764,459.8
2054,726.9253235,478.05
2055,727.0110696,436.25
2056,727.0968148,460
2057,727.1825591,481.5
2058,727.2683026,432.35
2059,727.3540451,510.85
2060,727.4397867,469.05
2061,727.5255274,496.75
2062,727.6112672,431.15
2063,727.6970061,438.2
2064,727.7827441,469.8
2065,727.8684812,499.7
2066,727.9542174,483.55
2067,728.0399527,520.35
2068,728.125687,477.2
2069,728.2114205,462.5
2070,728.2971531,530.05
2071,728.3828847,528.85
2072,728.4686155,530.45
2073,728.5543453,517.35
2074,728.6400743,500.05
2075,728.7258023,578.45
2076,728.8115294,526.3
2077,728.8972557,534.8
2078,728.982981,550.2
2079,729.0687054,571.25
2080,729.1544289,513.8
2081,729.2401515,602.45
2082,729.3258732,619.15
2083,729.411594,557.05
2084,729.4973139,575.35
2085,729.5830328,584.9
2086,729.6687509,592.1
2087,729.754468,581.3
2088,729.8401843,593.4
2089,729.9258996,623.5
2090,730.0116141,652.7
2091,730.0973276,652.45
2092,730.1830402,653.25
2093,730.2687519,684
2094,730.3544627,647.05
2095,730.4401726,626.25
2096,730.5258815,744.5
2097,730.6115896,654.05
2098,730.6972967,702.45
2099,730.783003,711.85
2100,730.8687083,671.15
2101,730.9544127,768.15
2102,731.0401162,762.9
2103,731.1258188,760.5
2104,731.2115205,782.1
2105,731.2972213,857.7
2106,731.3829212,808.7
2107,731.4686201,813.15
2108,731.5543182,798
2109,731.6400153,932.55
2110,731.7257115,879.95
2111,731.8114068,901.8
2112,731.8971012,904.45
2113,731.9827947,992.35
2114,732.0684873,941.5
2115,732.154179,1014.55
2116,732.2398697,1001.6
2117,732.3255595,1025.1
2118,732.4112484,1065.4
2119,732.4969365,1096.5
2120,732.5826235,1030.85
2121,732.6683097,1090.7
2122,732.753995,1124.4
2123,732.8396793,1250.6
2124,732.9253628,1239.35
2125,733.0110453,1219.85
2126,733.0967269,1279.3
2127,733.1824076,1359.2
2128,733.2680874,1400.2
2129,733.3537662,1409.45
2130,733.4394442,1495.55
2131,733.5251212,1405.5
2132,733.6107973,1528.5
2133,733.6964725,1555.85
2134,733.7821468,1629.6
2135,733.8678202,1660.9
2136,733.9534926,1734.85
2137,734.0391642,1747.55
2138,734.1248348,1879.15
2139,734.2105045,1808.75
2140,734.2961733,1897.95
2141,734.3818411,1947.15
2142,734.4675081,2038.65
2143,734.5531741,2172.5
2144,734.6388392,2189.05
2145,734.7245034,2310.5
2146,734.8101667,2381.95
2147,734.895829,2460
2148,734.9814905,2451.4
2149,735.067151,2593.15
2150,735.1528106,2651.7
2151,735.2384693,2717.5
2152,735.3241271,2729.8
2153,735.4097839,2858.8
2154,735.4954398,2959.4
2155,735.5810948,2990.55
2156,735.6667489,3093.3
2157,735.7524021,3059.65
2158,735.8380543,3131.15
2159,735.9237057,3262.25
2160,736.0093561,3318.7
2161,736.0950056,3307.95
2162,736.1806541,3291
2163,736.2663018,3301.1
2164,736.3519485,3397.85
2165,736.4375943,3456.85
2166,736.5232392,3420.85
2167,736.6088831,3410.95
2168,736.6945262,3460.9
2169,736.7801683,3299.5
2170,736.8658095,3332.8
2171,736.9514498,3271.05
2172,737.0370891,3212.2
2173,737.1227275,3147.9
2174,737.208365,3128.35
2175,737.2940016,3100.8
2176,737.3796373,3012.15
2177,737.465272,2905.45
2178,737.5509058,2857.5
2179,737.6365387,2856
2180,737.7221707,2702.85
2181,737.8078017,2764.4
2182,737.8934318,2611.85
2183,737.979061,2591.4
2184,738.0646893,2543.05
2185,738.1503166,2445.45
2186,738.2359431,2423.05
2187,738.3215686,2377.3
2188,738.4071931,2272.05
2189,738.4928168,2207.25
2190,738.5784395,2184
2191,738.6640613,2165.25
2192,738.7496821,2068.95
2193,738.8353021,2075.85
2194,738.9209211,1991.45
2195,739.0065392,1911.85
2196,739.0921563,1873
2197,739.1777726,1768.6
2198,739.2633879,1764.1
2199,739.3490023,1812.95
2200,739.4346157,1736.2
2201,739.5202282,1686.75
2202,739.6058398,1699.1
2203,739.6914505,1634.6
2204,739.7770602,1675.05
2205,739.8626691,1586.35
2206,739.9482769,1535.3
2207,740.0338839,1460.25
2208,740.1194899,1470.15
2209,740.205095,1412.4
2210,740.2906992,1419.45
2211,740.3763025,1367.55
2212,740.4619048,1364.5
2213,740.5475062,1358.8
2214,740.6331066,1324.15
2215,740.7187061,1301.8
2216,740.8043047,1291.15
2217,740.8899024,1244.05
2218,740.9754991,1169.7
2219,741.0610949,1212.7
2220,741.1466898,1213.05
2221,741.2322838,1140.35
2222,741.3178768,1182.6
2223,741.4034689,1098.35
2224,741.48906,1128.4
2225,741.5746502,1078.25
2226,741.6602395,1101.8
2227,741.7458279,1042.45
2228,741.8314153,1043.15
2229,741.9170018,1021.85
2230,742.0025873,1024.2
2231,742.088172,999.1
2232,742.1737557,984.65
2233,742.2593384,993.25
2234,742.3449203,1002.6
2235,742.4305012,915.05
2236,742.5160811,981.95
2237,742.6016602,864.85
2238,742.6872383,923.45
2239,742.7728154,842.15
2240,742.8583916,850.95
2241,742.9439669,920.5
2242,743.0295413,843.55
2243,743.1151147,811.75
2244,743.2006872,830.05
2245,743.2862588,785.7
2246,743.3718294,777.8
2247,743.4573991,789.85
2248,743.5429678,763.8
2249,743.6285357,744.6
2250,743.7141025,728.5
2251,743.7996685,757.9
2252,743.8852335,719.3
2253,743.9707976,708.9
2254,744.0563607,713.5
2255,744.1419229,741.75
2256,744.2274842,743.1
2257,744.3130445,687.6
2258,744.3986039,686.25
2259,744.4841623,616.45
2260,744.5697199,684.05
2261,744.6552764,643.95
2262,744.7408321,728
2263,744.8263868,670.05
2264,744.9119406,649.65
2265,744.9974934,684.8
2266,745.0830453,700.55
2267,745.1685962,640.75
2268,745.2541462,620.65
2269,745.3396953,667.65
2270,745.4252434,586
2271,745.5107906,657.95
2272,745.5963369,598.35
2273,745.6818822,671.6
2274,745.7674266,542.75
2275,745.85297,643.8
2276,745.9385125,577.75
2277,746.0240541,578.7
2278,746.1095947,597.7
2279,746.1951344,576.7
2280,746.2806731,611.75
2281,746.3662109,556.8
2282,746.4517478,553.85
2283,746.5372837,597.85
2284,746.6228187,540.85
2285,746.7083527,531.9
2286,746.7938858,591.7
2287,746.8794179,586.35
2288,746.9649491,534.1
2289,747.0504794,606.55
2290,747.1360087,533.95
2291,747.2215371,575.6
2292,747.3070645,577.55
2293,747.392591,555.55
2294,747.4781166,507.85
2295,747.5636412,528.55
2296,747.6491648,537.5
2297,747.7346876,579.7
2298,747.8202093,528.4
2299,747.9057302,539.35
2300,747.9912501,493.5
2301,748.076769,514.1
2302,748.162287,503.6
2303,748.2478041,613.85
2304,748.3333202,581.7
2305,748.4188354,523.3
2306,748.5043496,508.75
2307,748.5898629,548.55
2308,748.6753752,522.6
2309,748.7608866,528.55
2310,748.846397,550.45
2311,748.9319065,534.6
2312,749.0174151,526.5
2313,749.1029227,547.9
2314,749.1884293,596.3
2315,749.273935,475.15
2316,749.3594398,467.85
2317,749.4449436,552.8
2318,749.5304465,567.85
2319,749.6159484,563
2320,749.7014494,495.45
2321,749.7869494,471.3
2322,749.8724485,517.65
2323,749.9579466,462.3
2324,750.0434438,500.7
2325,750.12894,525.25
2326,750.2144353,456.8
2327,750.2999297,543.5
2328,750.3854231,475.4
2329,750.4709155,464.65
2330,750.556407,525.95
2331,750.6418976,454.65
2332,750.7273871,476.5
2333,750.8128758,487.3
2334,750.8983635,546
2335,750.9838502,483.85
2336,751.069336,536.25
2337,751.1548209,425.7
2338,751.2403048,484.05
2339,751.3257877,501.05
2340,751.4112697,503.65
2341,751.4967508,504.65
2342,751.5822309,439.8
2343,751.66771,444.7
2344,751.7531882,508.25
2345,751.8386654,472.55
2346,751.9241417,478.2
2347,752.009617,528.6
2348,752.0950914,530.45
2349,752.1805649,513.35
2350,752.2660373,481.05
2351,752.3515089,485.75
2352,752.4369794,490.9
2353,752.5224491,453.7
2354,752.6079177,544.3
2355,752.6933855,513.15
2356,752.7788522,427.75
2357,752.864318,434.55
2358,752.9497829,425.35
2359,753.0352468,514.8
2360,753.1207097,496.55
2361,753.2061717,431.6
2362,753.2916328,421.65
2363,753.3770928,434.1
2364,753.462552,511.35
2365,753.5480101,478.2
2366,753.6334674,490.75
2367,753.7189236,564.2
2368,753.8043789,443.8
2369,753.8898333,378.25
2370,753.9752867,466.3
2371,754.0607391,425.15
2372,754.1461906,462.9
2373,754.2316411,485.4
2374,754.3170907,462.3
2375,754.4025393,499.75
2376,754.487987,416.95
2377,754.5734337,452.85
2378,754.6588795,436.4
2379,754.7443242,460.95
2380,754.8297681,454.9
2381,754.915211,458.75
2382,755.0006529,450.1
2383,755.0860938,515.65
2384,755.1715338,417.15
2385,755.2569729,442.25
2386,755.342411,456.45
2387,755.4278481,417.35
2388,755.5132843,410.15
2389,755.5987195,460.8
2390,755.6841537,471.25
2391,755.769587,443.05
2392,755.8550193,455.35
2393,755.9404507,491.15
2394,756.0258811,440.15
2395,756.1113106,486.8
2396,756.1967391,457.75
2397,756.2821666,467.85
2398,756.3675932,440.05
2399,756.4530188,485.05
2400,756.5384434,417.8
2401,756.6238671,432.6
2402,756.7092899,440.45
2403,756.7947116,488.2
2404,756.8801324,411.7
2405,756.9655523,428.3
2406,757.0509712,456.8
2407,757.1363891,437.55
2408,757.221806,460.85
2409,757.307222,399.55
2410,757.3926371,429.5
2411,757.4780511,389
2412,757.5634643,489.95
2413,757.6488764,411.5
2414,757.7342876,441.1
2415,757.8196978,424.95
2416,757.9051071,514.4
2417,757.9905154,390.7
2418,758.0759227,449.5
2419,758.1613291,483.3
2420,758.2467345,419.4
2421,758.3321389,498.25
2422,758.4175424,465.2
2423,758.5029449,347.95
2424,758.5883464,489.95
2425,758.673747,402.75
2426,758.7591466,460.45
2427,758.8445453,462.8
2428,758.929943,460.35
2429,759.0153397,472.5
2430,759.1007354,430.3
2431,759.1861302,428.8
2432,759.271524,436.25
2433,759.3569169,405.5
2434,759.4423088,453.65
2435,759.5276997,425.75
2436,759.6130897,409.25
2437,759.6984787,427.1
2438,759.7838667,410.25
2439,759.8692537,508.1
2440,759.9546398,439.95
2441,760.0400249,489.15
2442,760.1254091,374.35
2443,760.2107923,379.4
2444,760.2961745,440.7
2445,760.3815558,410.15
2446,760.466936,420.4
2447,760.5523153,416.6
2448,760.6376937,390.7
2449,760.7230711,430.2
2450,760.8084475,407.3
2451,760.8938229,398.95
2452,760.9791974,424.15
2453,761.0645709,459.7
2454,761.1499434,445.45
2455,761.235315,431.15
2456,761.3206856,451.65
2457,761.4060552,409.15
2458,761.4914238,412.2
2459,761.5767915,429.65
2460,761.6621582,417.3
2461,761.7475239,421.55
2462,761.8328887,422.05
2463,761.9182525,418.7
2464,762.0036153,411.35
2465,762.0889772,423.95
2466,762.1743381,433.8
2467,762.259698,413.9
2468,762.3450569,413.7
2469,762.4304149,495.3
2470,762.5157719,435.55
2471,762.6011279,444
2472,762.6864829,449.9
2473,762.771837,430.7
2474,762.8571901,427.15
2475,762.9425422,514.7
2476,763.0278934,369.5
2477,763.1132436,349.75
2478,763.1985928,418.45
2479,763.283941,434
2480,763.3692883,362.85
2481,763.4546345,424.1
2482,763.5399799,404.05
2483,763.6253242,389.25
2484,763.7106675,368.4
2485,763.7960099,433.75
2486,763.8813513,361.1
2487,763.9666918,452.4
2488,764.0520312,442.45
2489,764.1373697,324.1
2490,764.2227072,399.1
2491,764.3080438,431.7
2492,764.3933793,392.3
2493,764.4787139,392.25
2494,764.5640475,348.7
2495,764.6493802,369.3
2496,764.7347118,398.95
2497,764.8200425,422.3
2498,764.9053722,348.55
2499,764.9907009,320.85
2500,765.0760287,353.9
2501,765.1613554,406.45
2502,765.2466812,354.6
2503,765.332006,408.2
2504,765.4173299,381.15
2505,765.5026527,406.5
2506,765.5879746,445.85
2507,765.6732955,432.4
2508,765.7586154,334.65
2509,765.8439344,348.35
2510,765.9292523,390.95
2511,766.0145693,377
2512,766.0998853,371
2513,766.1852003,426.85
2514,766.2705144,384.8
2515,766.3558274,394.6
2516,766.4411395,354.55
2517,766.5264506,394.4
2518,766.6117608,326.25
2519,766.6970699,367.95
2520,766.7823781,330.95
2521,766.8676853,324.55
2522,766.9529915,374.45
2523,767.0382967,332.6
2524,767.1236009,321.75
2525,767.2089042,348.1
2526,767.2942065,357.25
2527,767.3795078,299.45
2528,767.4648081,325.05
2529,767.5501074,369
2530,767.6354058,354.1
2531,767.7207031,338.45
2532,767.8059995,370.65
2533,767.8912949,317.7
2534,767.9765893,384
2535,768.0618828,333.2
2536,768.1471752,317
2537,768.2324667,341.45
2538,768.3177572,249.25
2539,768.4030467,335.5
2540,768.4883352,323.6
2541,768.5736227,305.15
2542,768.6589093,351.75
2543,768.7441948,316.4
2544,768.8294794,301.35
2545,768.914763,263.25
2546,769.0000456,310.9
2547,769.0853273,261
2548,769.1706079,372.55
2549,769.2558875,328.85
2550,769.3411662,303.3
2551,769.4264439,341.05
2552,769.5117206,304.05
2553,769.5969963,393.9
2554,769.682271,369.95
2555,769.7675448,342.85
2556,769.8528175,327.65
2557,769.9380893,344.45
2558,770.0233601,355.7
2559,770.1086299,340.6
2560,770.1938987,353.35
2561,770.2791665,328.3
2562,770.3644333,306.25
2563,770.4496992,279.4
2564,770.534964,296.75
2565,770.6202279,262.5
2566,770.7054908,342.65
2567,770.7907526,268.2
2568,770.8760136,318.85
2569,770.9612735,313.3
2570,771.0465324,267.7
2571,771.1317903,341.8
2572,771.2170473,325.75
2573,771.3023032,256.7
2574,771.3875582,215.7
2575,771.4728122,315.85
2576,771.5580652,327.05
2577,771.6433172,324.1
2578,771.7285682,331.75
2579,771.8138182,296.15
2580,771.8990672,294.45
2581,771.9843152,273.4
2582,772.0695623,334.7
2583,772.1548083,299.85
2584,772.157478,310.65
2585,772.2433085,279.75
2586,772.3291381,242.1
2587,772.4149669,333.55
2588,772.5007947,338.4
2589,772.5866217,321.45
2590,772.6724479,269.7
2591,772.7582732,279.9
2592,772.8440976,316.7
2593,772.9299211,343.15
2594,773.0157438,276.7
2595,773.1015656,258.95
2596,773.1873865,279.55
2597,773.2732065,229.4
2598,773.3590257,262
2599,773.444844,296.75
2600,773.5306615,267.65
2601,773.6164781,261.55
2602,773.7022938,225.1
2603,773.7881086,268.05
2604,773.8739225,336.25
2605,773.9597356,308.2
2606,774.0455479,242.8
2607,774.1313592,262.95
2608,774.2171697,286.4
2609,774.3029793,294.4
2610,774.388788,257.9
2611,774.4745959,270.3
2612,774.5604029,258.8
2613,774.646209,259.25
2614,774.7320142,327.95
2615,774.8178186,257.9
2616,774.9036221,309.65
2617,774.9894247,293.85
2618,775.0752264,273.3
2619,775.1610273,273.6
2620,775.2468273,255.05
2621,775.3326264,262
2622,775.4184247,185.2
2623,775.5042221,221.7
2624,775.5900186,227.8
2625,775.6758142,228.95
2626,775.7616089,212.95
2627,775.8474028,286.25
2628,775.9331958,238.35
2629,776.0189879,208.75
2630,776.1047792,220.85
2631,776.1905696,283.6
2632,776.2763591,166.15
2633,776.3621477,235.6
2634,776.4479354,286.55
2635,776.5337223,197.75
2636,776.6195083,218.85
2637,776.7052934,252.4
2638,776.7910776,235.75
2639,776.876861,268.65
2640,776.9626435,262.55
2641,777.0484251,254.6
2642,777.1342058,196.15
2643,777.2199857,218.15
2644,777.3057647,265.7
2645,777.3915428,168.95
2646,777.47732,220.55
2647,777.5630963,187.4
2648,777.6488718,254.2
2649,777.7346463,261
2650,777.8204201,249.15
2651,777.9061929,158.9
2652,777.9919648,249
2653,778.0777359,239.75
2654,778.1635061,198.5
2655,778.2492754,276.85
2656,778.3350438,208.1
2657,778.4208113,246.15
2658,778.506578,244.15
2659,778.5923438,242.95
2660,778.6781087,236.8
2661,778.7638727,249.35
2662,778.8496359,221.15
2663,778.9353981,222.95
2664,779.0211595,255.15
2665,779.10692,226.8
2666,779.1926796,168.3
2667,779.2784383,183.8
2668,779.3641962,188.05
2669,779.4499532,228.95
2670,779.5357092,211.75
2671,779.6214644,250.55
2672,779.7072188,228.75
2673,779.7929722,224.9
2674,779.8787248,236.6
2675,779.9644764,206
2676,780.0502272,294.6
2677,780.1359771,174.9
2678,780.2217261,145.3
2679,780.3074743,268.65
2680,780.3932215,206.15
2681,780.4789679,223.65
2682,780.5647134,198.35
2683,780.650458,227.75
2684,780.7362017,224.25
2685,780.8219445,203.05
2686,780.9076865,265.7
2687,780.9934275,248.05
2688,781.0791677,183.2
2689,781.164907,213.15
2690,781.2506454,186.15
2691,781.3363829,252.6
2692,781.4221195,184.55
2693,781.5078553,235.45
2694,781.5935901,187.55
2695,781.6793241,166.85
2696,781.7650572,157.35
2697,781.8507894,169.85
2698,781.9365207,212.35
2699,782.0222511,219.1
2700,782.1079806,241.05
2701,782.1937093,221.7
2702,782.279437,153.05
2703,782.3651639,159.45
2704,782.4508899,118.35
2705,782.536615,168.15
2706,782.6223392,150.55
2707,782.7080625,160.95
2708,782.7937849,193.65
2709,782.8795064,186.1
2710,782.9652271,242.9
2711,783.0509469,182.9
2712,783.1366657,235.3
2713,783.2223837,160.05
2714,783.3081008,214.2
2715,783.393817,211.75
2716,783.4795323,189.65
2717,783.5652467,234.95
2718,783.6509602,157.05
2719,783.7366729,160.25
2720,783.8223846,133.85
2721,783.9080955,142.75
2722,783.9938054,135.3
2723,784.0795145,163.2
2724,784.1652227,198.95
2725,784.25093,172.25
2726,784.3366364,184.65
2727,784.4223419,214.5
2728,784.5080465,225.65
2729,784.5937502,138.5
2730,784.679453,175.35
2731,784.765155,166.2
2732,784.850856,127.05
2733,784.9365562,145.95
2734,785.0222554,141.9
2735,785.1079538,206.95
2736,785.1936512,186.55
2737,785.2793478,219.3
2738,785.3650435,210.7
2739,785.4507383,234.95
2740,785.5364322,167.45
2741,785.6221252,173.05
2742,785.7078173,178.4
2743,785.7935085,186.6
2744,785.8791988,211.3
2745,785.9648882,193.1
2746,786.0505767,159.4
2747,786.1362643,159.75
2748,786.2219511,196.5
2749,786.3076369,182.2
2750,786.3933218,170.2
2751,786.4790059,154.15
2752,786.564689,203.05
2753,786.6503713,156.1
2754,786.7360526,200.35
2755,786.8217331,169.55
2756,786.9074126,175.1
2757,786.9930913,149.95
2758,787.0787691,172.6
2759,787.1644459,140.9
2760,787.2501219,156.85
2761,787.335797,114.1
2762,787.4214711,182.75
2763,787.5071444,173.65
2764,787.5928168,151.4
2765,787.6784883,145.1
2766,787.7641588,210
2767,787.8498285,153.3
2768,787.9354973,182.9
2769,788.0211652,254.85
2770,788.1068321,143.6
2771,788.1924982,209.95
2772,788.2781634,128.85
2773,788.3638277,208.9
2774,788.4494911,191.25
2775,788.5351535,163.2
2776,788.6208151,183.85
2777,788.7064758,127.85
2778,788.7921356,179.6
2779,788.8777944,193.5
2780,788.9634524,164.65
2781,789.0491095,164.85
2782,789.1347657,203.85
2783,789.2204209,196.35
2784,789.3060753,177.7
2785,789.3917288,126.15
2786,789.4773813,182.75
2787,789.563033,168.05
2788,789.6486838,120.55
2789,789.7343336,180.2
2790,789.8199826,146.5
2791,789.9056306,176.5
2792,789.9912778,195.05
2793,790.076924,200.5
2794,790.1625694,127.85
2795,790.2482138,177.35
2796,790.3338573,162.9
2797,790.4195,96.1
2798,790.5051417,160.8
2799,790.5907825,130.55
2800,790.6764224,152
2801,790.7620614,139
2802,790.8476995,196.05
2803,790.9333367,132.2
2804,791.018973,214.25
2805,791.1046084,192.25
2806,791.1902429,192.7
2807,791.2758765,167.75
2808,791.3615092,201.45
2809,791.4471409,266
2810,791.5327718,190.5
2811,791.6184017,187.05
2812,791.7040308,235.6
2813,791.7896589,191.25
2814,791.8752862,107.1
2815,791.9609125,166.55
2816,792.0465379,147.65
2817,792.1321624,112.55
2818,792.217786,143.4
2819,792.3034087,174.55
2820,792.3890305,147.15
2821,792.4746514,148.65
2822,792.5602713,209.4
2823,792.6458904,240.15
2824,792.7315086,171.55
2825,792.8171258,136.95
2826,792.9027421,143.7
2827,792.9883576,199.15
2828,793.0739721,197.25
2829,793.1595857,169.8
2830,793.2451984,166.95
2831,793.3308102,181.3
2832,793.4164211,199.25
2833,793.502031,166.9
2834,793.5876401,186.65
2835,793.6732482,167.4
2836,793.7588555,184.35
2837,793.8444618,198.85
2838,793.9300672,196.6
2839,794.0156717,179.8
2840,794.1012753,151.45
2841,794.186878,156.25
2842,794.2724798,170.8
2843,794.3580806,144.55
2844,794.4436806,219.8
2845,794.5292796,188.7
2846,794.6148777,192.95
2847,794.7004749,127.05
2848,794.7860712,146.4
2849,794.8716666,187.15
2850,794.9572611,167.85
2851,795.0428546,164.8
2852,795.1284473,141.1
2853,795.214039,133.8
2854,795.2996298,175.55
2855,795.3852197,134
2856,795.4708087,171.65
2857,795.5563968,103.45
2858,795.6419839,195.4
2859,795.7275702,205.95
2860,795.8131555,159.95
2861,795.8987399,199.9
2862,795.9843234,114
2863,796.069906,176.45
2864,796.1554877,139.25
2865,796.2410684,158.6
2866,796.3266483,130.6
2867,796.4122272,138.8
2868,796.4978052,131.05
2869,796.5833823,167.05
2870,796.6689585,127.85
2871,796.7545337,193.55
2872,796.8401081,176.65
2873,796.9256815,150.6
2874,797.011254,143.6
2875,797.0968256,125.7
2876,797.1823962,168.4
2877,797.267966,124.7
2878,797.3535348,112.9
2879,797.4391028,122.25
2880,797.5246698,194.7
2881,797.6102358,157.5
2882,797.695801,140
2883,797.7813652,195.65
2884,797.8669286,159.45
2885,797.952491,136.9
2886,798.0380525,220.2
2887,798.123613,144.25
2888,798.2091727,148.85
2889,798.2947314,169.6
2890,798.3802892,174.15
2891,798.4658461,139.2
2892,798.5514021,84.9
2893,798.6369571,150.4
2894,798.7225112,103.95
2895,798.8080644,97.8
2896,798.8936167,142.4
2897,798.9791681,114.1
2898,799.0647185,115.05
2899,799.1502681,80.1
2900,799.2358167,138.9
2901,799.3213643,98.95
2902,799.4069111,79.7
2903,799.4924569,149.5
2904,799.5780018,147.1
2905,799.6635458,81.2
2906,799.7490889,164.8
2907,799.834631,206.95
2908,799.9201723,103.35
2909,800.0057126,98
2910,800.0912519,170.65
2911,800.1767904,151.85
2912,800.2623279,149.1
2913,800.3478645,22.1
2914,800.4334002,171.8
2915,800.518935,151.4
2916,800.6044688,158.6
2917,800.6900017,154.35
2918,800.7755337,136
2919,800.8610647,123.05
2920,800.9465949,109.05
2921,801.0321241,128.4
2922,801.1176524,123.45
2923,801.2031797,129.7
2924,801.2887062,76.15
2925,801.3742317,63.7
2926,801.4597562,138.1
2927,801.5452799,169.75
2928,801.6308026,146.2
2929,801.7163244,170
2930,801.8018453,145.7
2931,801.8873653,99.25
2932,801.9728843,82.9
2933,802.0584024,120.9
2934,802.1439195,73.1
2935,802.2294358,147.9
2936,802.3149511,101.45
2937,802.4004655,144.85
2938,802.4859789,139.4
2939,802.5714915,82.3
2940,802.6570031,214.3
2941,802.7425137,117.55
2942,802.8280235,106.25
2943,802.9135323,159.05
2944,802.9990402,127.15
2945,803.0845471,123.6
2946,803.1700532,136.7
2947,803.2555583,147.2
2948,803.3410624,115.85
2949,803.4265657,132.35
2950,803.512068,124.7
2951,803.5975693,68.45
2952,803.6830698,181.25
2953,803.7685693,119.5
2954,803.8540679,177
2955,803.9395655,110.6
2956,804.0250623,127.1
2957,804.1105581,102.55
2958,804.1960529,124.45
2959,804.2815469,89.2
2960,804.3670399,101.1
2961,804.4525319,155.3
2962,804.5380231,101.6
2963,804.6235133,103
2964,804.7090025,123.3
2965,804.7944909,108.4
2966,804.8799783,99.95
2967,804.9654648,147.3
2968,805.0509503,100.4
2969,805.1364349,113.3
2970,805.2219186,84.2
2971,805.3074013,188.3
2972,805.3928831,79.6
2973,805.478364,119.95
2974,805.5638439,148.2
2975,805.6493229,129.9
2976,805.734801,79.6
2977,805.8202781,71.75
2978,805.9057543,67.35
2979,805.9912296,112.7
2980,806.0767039,113.4
2981,806.1621773,98.15
2982,806.2476498,176.7
2983,806.3331213,102.95
2984,806.4185919,113.95
2985,806.5040616,47.1
2986,806.5895303,168.2
2987,806.674998,32.25
2988,806.7604649,110
2989,806.8459308,128.3
2990,806.9313958,130.05
2991,807.0168598,121.25
2992,807.1023229,130.4
2993,807.1877851,135.3
2994,807.2732463,127.75
2995,807.3587066,94.5
2996,807.4441659,136
2997,807.5296243,152.8
2998,807.6150818,101.25
2999,807.7005383,89.05
3000,807.7859939,158.45
3001,807.8714486,93.65
3002,807.9569023,42.7
3003,808.0423551,83.85
3004,808.1278069,115.75
3005,808.2132578,145.35
3006,808.2987078,116.55
3007,808.3841568,102.6
3008,808.4696049,112.85
3009,808.555052,123.95
3010,808.6404982,115.1
3011,808.7259435,159.25
3012,808.8113878,108.3
3013,808.8968312,131.15
3014,808.9822736,122.95
3015,809.0677151,115.2
3016,809.1531557,116.3
3017,809.2385953,90.3
3018,809.324034,90.15
3019,809.4094717,106.5
3020,809.4949085,74.5
3021,809.5803443,137.55
3022,809.6657792,55.15
3023,809.7512132,100.25
3024,809.8366462,139.6
3025,809.9220783,127.4
3026,810.0075094,106.9
3027,810.0929396,71.45
3028,810.1783689,62.2
3029,810.2637972,63.65
3030,810.3492246,79.45
3031,810.434651,55.15
3032,810.5200765,104.85
3033,810.605501,119.3
3034,810.6909246,89.35
3035,810.7763472,118.75
3036,810.8617689,115.55
3037,810.9471897,47.35
3038,811.0326095,85.05
3039,811.1180284,113.65
3040,811.2034463,100.15
3041,811.2888633,70.45
3042,811.3742793,110.25
3043,811.4596944,141.05
3044,811.5451085,73.4
3045,811.6305217,120.35
3046,811.715934,65
3047,811.8013453,92.65
3048,811.8867556,81
3049,811.972165,153.9
3050,812.0575735,152.4
3051,812.142981,104.75
3052,812.2283876,98.25
3053,812.3137932,80.3
3054,812.3991978,97.35
3055,812.4846016,157.2
3056,812.5700043,100.55
3057,812.6554062,105.45
3058,812.7408071,126.8
3059,812.826207,90.35
3060,812.911606,78.05
3061,812.997004,124.9
3062,813.0824011,90
3063,813.1677972,120.85
3064,813.2531924,89.65
3065,813.3385866,77.05
3066,813.4239799,42.5
3067,813.5093723,41.7
3068,813.5947637,62.8
3069,813.6801541,107.95
3070,813.7655436,78.55
3071,813.8509321,118.4
3072,813.9363197,150.05
3073,814.0217064,32.5
3074,814.107092,79.55
3075,814.1924768,57.5
3076,814.2778606,107.9
3077,814.3632434,88.95
3078,814.4486253,126.9
3079,814.5340062,91.75
3080,814.6193862,98.35
3081,814.7047652,129
3082,814.7901433,76.15
3083,814.8755204,57.75
3084,814.9608966,120.1
3085,815.0462718,44.45
3086,815.1316461,81.2
3087,815.2170194,40.45
3088,815.3023917,115.05
3089,815.3877631,65.4
3090,815.4731336,90.75
3091,815.5585031,56.05
3092,815.6438716,95.35
3093,815.7292392,82.2
3094,815.8146059,54.65
3095,815.8999715,34.1
3096,815.9853363,32.7
3097,816.0707,85.25
3098,816.1560628,130.55
3099,816.2414247,52.6
3100,816.3267856,60.55
3101,816.4121456,65
3102,816.4975046,96.7
3103,816.5828626,69.3
3104,816.6682197,35.85
3105,816.7535758,21.65
3106,816.838931,77.55
3107,816.9242852,97.05
3108,817.0096385,88.45
3109,817.0949908,57.7
3110,817.1803421,103.2
3111,817.2656925,73.35
3112,817.3510419,57
3113,817.4363904,46.1
3114,817.5217379,55.15
3115,817.6070845,86.95
3116,817.6924301,78.5
3117,817.7777747,23.9
3118,817.8631184,57.25
3119,817.9484611,51.9
3120,818.0338029,45.6
3121,818.1191437,66.5
3122,818.2044836,109.45
3123,818.2898225,70.5
3124,818.3751604,22.6
3125,818.4604974,45.3
3126,818.5458334,62.9
3127,818.6311684,72.25
3128,818.7165025,10.7
3129,818.8018357,83.7
3130,818.8871678,85.65
3131,818.972499,91.15
3132,819.0578293,58.6
3133,819.1431586,110.3
3134,819.2284869,74.3
3135,819.3138143,50.5
3136,819.3991407,104.55
3137,819.4844661,71.45
3138,819.5697906,54.55
3139,819.6551142,33
3140,819.7404367,5.65
3141,819.8257583,61.05
3142,819.911079,103.3
3143,819.9963986,36.25
3144,820.0817174,93.15
3145,820.1670351,83.7
3146,820.2523519,72.65
3147,820.3376677,112.65
3148,820.4229826,19.15
3149,820.5082965,86.35
3150,820.5936094,85.45
3151,820.6789214,67.95
3152,820.7642324,30.8
3153,820.8495424,31.05
3154,820.9348515,72.65
3155,821.0201596,90.1
3156,821.1054668,49.8
3157,821.190773,26.7
3158,821.2760782,85.85
3159,821.3613824,58.3
3160,821.4466857,74.3
3161,821.531988,56.4
3162,821.6172894,134.6
3163,821.7025898,-20.1
3164,821.7878892,71.4
3165,821.8731877,67.5
3166,821.9584852,34.9
3167,822.0437817,61.95
3168,822.1290773,97.55
3169,822.2143719,20.75
3170,822.2996655,118.85
3171,822.3849582,71.9
3172,822.4702499,14.8
3173,822.5555406,32.65
3174,822.6408303,63.45
3175,822.7261191,65.05
3176,822.811407,60.85
3177,822.8966938,80.85
3178,822.9819797,85.15
3179,823.0672646,83.2
3180,823.1525486,52.55
3181,823.2378316,18.35
3182,823.3231136,8.55
3183,823.4083946,-18.25
3184,823.4936747,74.85
3185,823.5789538,66.5
3186,823.6642319,43.8
3187,823.7495091,49.2
3188,823.8347853,30.4
3189,823.9200605,43.35
3190,824.0053348,64.1
3191,824.0906081,64.05
3192,824.1758804,57.65
3193,824.2611517,68.6
3194,824.3464221,96
3195,824.4316915,76.95
3196,824.5169599,33.45
3197,824.6022274,30.4
3198,824.6874939,81.4
3199,824.7727594,64.45
3200,824.8580239,39.3
3201,824.9432875,22.75
3202,825.0285501,78.95
3203,825.1138118,46.85
3204,825.1990724,62.3
3205,825.2843321,92.8
3206,825.3695908,-29.5
3207,825.4548485,45.2
3208,825.5401053,37.5
3209,825.6253611,27.4
3210,825.7106159,55.25
3211,825.7958698,54.05
3212,825.8811226,58.9
3213,825.9663745,66.4
3214,826.0516254,11.35
3215,826.1368754,53.75
3216,826.2221244,13.45
3217,826.3073724,15.9
3218,826.3926194,71.65
3219,826.4778654,21.2
3220,826.5631105,43.5
3221,826.6483546,1.5
3222,826.7335977,48.9
3223,826.8188399,44.95
3224,826.904081,22.65
3225,826.9893212,12.55
3226,827.0745605,58.65
3227,827.1597987,18.7
3228,827.245036,16
3229,827.3302722,67.8
3230,827.4155076,48.65
3231,827.5007419,108.95
3232,827.5859753,64.85
3233,827.6712076,87.15
3234,827.756439,51.1
3235,827.8416695,103.85
3236,827.9268989,21.9
3237,828.0121274,21.05
3238,828.0973549,7.2
3239,828.1825814,33
3240,828.2678069,41.3
3241,828.3530315,53.15
3242,828.438255,-13.35
3243,828.5234776,63.2
3244,828.6086993,51.3
3245,828.6939199,36.95
3246,828.7791396,10.8
3247,828.8643582,73.95
3248,828.9495759,32.6
3249,829.0347927,-54.2
3250,829.1200084,37.85
3251,829.2052232,39.15
3252,829.2904369,78.9
3253,829.3756497,-4.25
3254,829.4608616,59.55
3255,829.5460724,23.5
3256,829.6312822,57.8
3257,829.7164911,26.15
3258,829.801699,28.75
3259,829.8869059,82.15
3260,829.9721118,72.1
3261,830.0573168,48.75
3262,830.1425208,34.55
3263,830.2277237,47.85
3264,830.3129257,65.3
3265,830.3981268,45.4
3266,830.4833268,49.65
3267,830.5685258,67.55
3268,830.6537239,2.1
3269,830.738921,58.4
3270,830.8241171,60.75
3271,830.9093122,110.75
3272,830.9945063,60.4
3273,831.0796995,17.6
3274,831.1648917,34.55
3275,831.2500828,51.8
3276,831.335273,41
3277,831.4204622,72.35
3278,831.5056505,54.15
3279,831.5908377,94.6
3280,831.676024,100.55
3281,831.7612092,73.9
3282,831.8463935,18.65
3283,831.9315768,57.55
3284,832.0167591,24.65
3285,832.1019405,61.95
3286,832.1871208,15.9
3287,832.2723002,22
3288,832.3574785,46.8
3289,832.4426559,37.6
3290,832.5278323,23.7
3291,832.6130077,26.25
3292,832.6981821,34.55
3293,832.7833556,9.05
3294,832.868528,-14.7
3295,832.9536995,68.55
3296,833.03887,35.2
3297,833.1240394,7.95
3298,833.2092079,47.6
3299,833.2943754,44.65
3300,833.379542,72.75
3301,833.4647075,38.7
3302,833.549872,28.65
3303,833.6350356,24.65
3304,833.7201981,18.6
3305,833.8053597,38.8
3306,833.8905203,16.5
3307,833.9756799,63
3308,834.0608385,88.5
3309,834.1459961,1.25
3310,834.2311527,-25.75
3311,834.3163084,18.5
3312,834.401463,74.6
3313,834.4866167,11
3314,834.5717693,45.2
3315,834.656921,22.05
3316,834.7420717,38.3
3317,834.8272214,60.4
3318,834.9123701,21.15
3319,834.9975178,33.45
3320,835.0826645,14.65
3321,835.1678102,20
3322,835.2529549,32.1
3323,835.3380987,23.4
3324,835.4232414,50.2
3325,835.5083832,35.8
3326,835.5935239,52.75
3327,835.6786637,39.85
3328,835.7638025,28.4
3329,835.8489403,7.85
3330,835.9340771,65.8
3331,836.0192128,42.75
3332,836.1043476,40.95
3333,836.1894815,75.65
3334,836.2746143,75
3335,836.3597461,58.45
3336,836.4448769,31.45
3337,836.5300067,42.25
3338,836.6151356,-13.6
3339,836.7002634,7.7
3340,836.7853902,39.95
3341,836.8705161,35.6
3342,836.9556409,2.5
3343,837.0407648,3.4
3344,837.1258877,76.9
3345,837.2110095,4.15
3346,837.2961304,46.25
3347,837.3812503,10
3348,837.4663691,57
3349,837.551487,0.8
3350,837.6366039,78.4
3351,837.7217198,50.65
3352,837.8068347,9.2
3353,837.8919486,44.9
3354,837.9770615,65.2
3355,838.0621734,74.45
3356,838.1472843,42.7
3357,838.2323942,34.2
3358,838.3175031,18.9
3359,838.402611,71.15
3360,838.4877179,20.1
3361,838.5728238,16.15
3362,838.6579287,36.7
3363,838.7430326,52.85
3364,838.8281355,25.75
3365,838.9132374,13.25
3366,838.9983384,8.65
3367,839.0834383,26.95
3368,839.1685372,17.3
3369,839.2536351,3.1
3370,839.338732,42.9
3371,839.4238279,47.95
3372,839.5089228,23.8
3373,839.5940167,49.7
3374,839.6791097,45.45
3375,839.7642016,40.95
3376,839.8492925,37.35
3377,839.9343824,50.2
3378,840.0194713,5.7
3379,840.1045592,-31
3380,840.1896461,54.2
3381,840.274732,47.05
3382,840.3598169,76.2
3383,840.4449008,-3.05
3384,840.5299837,37.85
3385,840.6150656,32.4
3386,840.7001465,-24.3
3387,840.7852264,40.15
3388,840.8703052,46
3389,840.9553831,26.8
3390,841.04046,-17
3391,841.1255359,-17.35
3392,841.2106108,33.6
3393,841.2956846,3.2
3394,841.3807575,40.55
3395,841.4658293,-17.45
3396,841.5509002,31.2
3397,841.63597,55.4
3398,841.7210389,28.7
3399,841.8061067,37.15
3400,841.8911736,
3401,841.9762394,
3402,842.0613042,
3403,842.146368,
3404,842.2314308,
3405,842.3164927,
3406,842.4015535,
3407,842.4866133,
3408,842.571672,
3409,842.6567298,
3410,842.7417866,
3411,842.8268424,
3412,842.9118971,
3413,842.9969509,
3414,843.0820036,
3415,843.1670554,
3416,843.2521061,
3417,843.3371558,
3418,843.4222045,
3419,843.5072523,
3420,843.592299,
3421,843.6773446,
3422,843.7623893,
3423,843.847433,
3424,843.9324757,
3425,844.0175173,
3426,844.102558,
3427,844.1875976,
3428,844.2726362,
3429,844.3576739,
3430,844.4427105,
3431,844.5277461,
3432,844.6127807,
3433,844.6978142,
3434,844.7828468,
3435,844.8678784,
3436,844.9529089,
3437,845.0379384,
3438,845.122967,
3439,845.2079945,
3440,845.293021,
3441,845.3780465,
3442,845.4630709,
3443,845.5480944,
3444,845.6331168,
3445,845.7181383,
3446,845.8031587,
3447,845.8881781,
3448,845.9731965,
3449,846.0582139,
3450,846.1432303,
3451,846.2282456,
3452,846.31326,
3453,846.3982733,
3454,846.4832856,
3455,846.568297,
3456,846.6533072,
3457,846.7383165,
3458,846.8233248,
3459,846.908332,
3460,846.9933383,
3461,847.0783435,
3462,847.1633477,
3463,847.2483509,
3464,847.333353,
3465,847.4183542,
3466,847.5033543,
3467,847.5883535,
3468,847.6733516,
3469,847.7583487,
3470,847.8433447,
3471,847.9283398,
3472,848.0133338,
3473,848.0983269,
3474,848.1833189,
3475,848.2683099,
3476,848.3532998,
3477,848.4382888,
3478,848.5232767,
3479,848.6082637,
3480,848.6932496,
3481,848.7782344,
3482,848.8632183,
3483,848.9482011,
3484,849.033183,
3485,849.1181638,
3486,849.2031436,
3487,849.2881223,
3488,849.3731001,
3489,849.4580768,
3490,849.5430525,
3491,849.6280272,
3492,849.7130009,
3493,849.7979735,
3494,849.8829452,
3495,849.9679158,
