W,I
550.046521001757,257
550.13451268730194,302
550.22250390041143,266
550.31049464090393,296
550.39848490859765,305
550.486474703311,328
550.57446402486255,300
550.66245287307038,308
550.750441247753,323
550.83842914872889,300
550.92641657581623,291
551.01440352883355,296
551.10239000759918,313
551.19037601193168,313
551.27836154164925,307
551.36634659657034,305
551.45433117651339,342
551.542315281297,353
551.63029891073927,322
551.71828206465887,358
551.80626474287419,320
551.89424694520358,337
551.98222867146558,352
552.07020992147864,355
552.15819069506108,345
552.24617099203147,360
552.33415081220824,350
552.42213015541,377
552.510109021455,378
552.598087410162,357
552.68606532134913,370
552.77404275483525,349
552.86201971043852,367
552.94999618797772,365
553.037972187271,396
553.12594770813735,377
553.21392275039477,363
553.30189731386224,401
553.389871398358,373
553.47784500370074,404
553.56581812970876,375
553.65379077620094,383
553.74176294299548,397
553.82973462991117,403
553.91770583676634,393
554.00567656337978,403
554.09364680956992,399
554.18161657515532,399
554.26958585995465,394
554.35755466378657,434
554.4455229864692,400
554.53349082782177,413
554.62145818766237,423
554.70942506580991,418
554.79739146208283,437
554.88535737629968,443
554.97332280827925,466
555.06128775784,446
555.14925222480065,453
555.23721620897993,438
555.32517971019615,487
555.41314272826833,473
555.50110526301478,455
555.58906731425418,491
555.67702888180554,453
555.76498996548719,488
555.85295056511791,483
555.94091068051625,474
556.0288703115009,480
556.11682945789073,483
556.20478811950431,485
556.2927462961602,513
556.38070398767729,513
556.46866119387414,523
556.55661791456942,501
556.6445741495819,508
556.73252989873038,514
556.8204851618334,485
556.90843993871,520
556.99639422917846,526
557.08434803305784,542
557.17230135016678,538
557.26025418032407,533
557.34820652334838,540
557.4361583790585,496
557.524109747273,563
557.61206062781093,533
557.70001102049093,560
557.78796092513176,587
557.8759103415523,605
557.96385926957112,586
558.05180770900722,587
558.13975565967928,581
558.22770312140619,590
558.31565009400663,591
558.40359657729948,587
558.49154257110342,570
558.57948807523746,600
558.6674330895205,588
558.75537761377086,608
558.843321647808,609
558.93126519145039,648
559.0192082445169,594
559.10715080682644,672
559.195092878198,621
559.28303445845029,635
559.37097554740194,673
559.45891614487221,634
559.54685625067987,671
559.63479586464359,668
559.7227349865824,665
559.8106736163154,665
559.898611753661,664
559.98654939843857,735
560.07448655046664,667
560.16242320956439,718
560.2503593755506,680
560.33829504824428,693
560.4262302274642,731
560.5141649130295,730
560.602099104759,763
560.69003280247125,724
560.777966005986,730
560.86589871512149,722
560.95383092969712,738
561.04176264953162,757
561.129693874444,768
561.21762460425327,774
561.30555483877833,796
561.39348457783808,774
561.48141382125175,796
561.56934256883824,750
561.65727082041644,774
561.74519857580538,793
561.83312583482416,824
561.9210525972918,793
562.008978863027,795
562.09690463184916,832
562.18482990357722,779
562.27275467803,845
562.36067895502674,808
562.44860273438644,811
562.53652601592808,817
562.62444879947088,856
562.71237108483365,864
562.8002928718355,865
562.88821416029566,877
562.976134950033,871
563.06405524086688,898
563.15197503261606,905
563.23989432509973,888
563.3278131181371,925
563.4157314115472,922
563.503649205149,953
563.59156649876172,954
563.67948329220462,929
563.76739958529652,1001
563.85531537785675,936
563.94323066970435,960
564.03114546065842,952
564.1190597505381,996
564.20697353916262,1013
564.2948868263511,986
564.38279961192279,1016
564.47071189569647,1003
564.55862367749171,1017
564.64653495712753,1056
564.73444573442293,1043
564.82235600919751,1029
564.91026578127014,1055
564.99817505046,1066
565.08608381658644,1094
565.17399207946846,1086
565.26189983892539,1107
565.34980709477645,1110
565.43771384684089,1118
565.52562009493772,1101
565.61352583888629,1164
565.701431078506,1178
565.78933581361593,1160
565.877240044035,1125
565.965143769583,1147
566.05304699007911,1209
566.14094970534234,1196
566.22885191519185,1177
566.31675361944724,1227
566.40465481792762,1183
566.49255551045223,1252
566.58045569684054,1195
566.66835537691156,1243
566.75625455048475,1237
566.84415321737924,1245
566.93205137741461,1228
567.01994903041,1203
567.10784617618469,1280
567.19574281455823,1265
567.28363894534948,1223
567.37153456837825,1279
567.45942968346367,1311
567.547324290425,1310
567.63521838908161,1284
567.723111979253,1263
567.81100506075836,1336
567.898897633417,1314
567.98678969704861,1332
568.07468125147227,1336
568.16257229650751,1361
568.25046283197344,1371
568.33835285768987,1349
568.4262423734757,1405
568.51413137915074,1400
568.60201987453422,1411
568.68990785944538,1398
568.77779533370392,1374
568.8656822971293,1401
568.95356874954052,1430
569.0414546907574,1386
569.12934012059918,1474
569.21722503888543,1471
569.30510944543551,1444
569.39299334006876,1478
569.48087672260488,1545
569.56875959286322,1496
569.65664195066313,1558
569.74452379582419,1552
569.832405128166,1521
569.92028594750764,1627
570.008166253669,1573
570.09604604646938,1648
570.1839253257283,1589
570.27180409126527,1651
570.35968234289976,1642
570.44756008045135,1652
570.53543730373951,1665
570.62331401258382,1721
570.71119020680374,1716
570.79906588621884,1750
570.88694105064849,1796
570.9748156999126,1780
571.0626898338304,1818
571.15056345222149,1833
571.23843655490543,1849
571.326309141702,1913
571.41418121243055,1875
571.50205276691065,1942
571.58992380496193,2004
571.677794326404,1986
571.76566433105643,1947
571.85353381873881,2047
571.94140278927068,2062
572.02927124247174,2107
572.11713917816155,2097
572.20500659615982,2143
572.292873496286,2205
572.38073987835992,2257
572.46860574220113,2234
572.55647108762912,2318
572.64433591446368,2340
572.7322002225244,2415
572.820064011631,2399
572.90792728160318,2555
572.99579003226052,2610
573.08365226342255,2802
573.1715139749092,2937
573.25937516654,3106
573.34723583813479,3397
573.435095989513,3914
573.52295562049449,4917
573.610814730899,7279
573.69867332054628,17180
573.78653138925574,47550
573.87438893684737,64943
573.96224596314084,64941
574.05010246795587,57992
574.13795845111213,25695
574.22581391242943,10988
574.31366885172758,6108
574.40152326882617,4571
574.4893771635451,4177
574.57723053570385,3923
574.66508338512267,3905
574.75293571162081,3825
574.84078751501852,3848
574.92863879513527,3907
575.01648955179087,3845
575.10433978480512,3981
575.19218949399806,3907
575.28003867918915,4063
575.36788734019831,4044
575.45573547684546,4192
575.54358308895041,4300
575.63143017633286,4361
575.71927673881271,4362
575.80712277620978,4510
575.894968288344,4707
575.98281327503514,4649
576.07065773610293,4760
576.15850167136739,4807
576.24634508064844,4958
576.33418796376566,4949
576.42203032053919,5117
576.50987215078885,5117
576.59771345433444,5068
576.68555423099588,5170
576.77339448059331,5299
576.86123420294609,5124
576.9490733978746,5246
577.03691206519863,5240
577.12475020473812,5261
577.21258781631275,5175
577.30042489974267,5198
577.38826145484791,5128
577.47609748144828,4958
577.56393297936347,5014
577.65176794841386,4981
577.739602388419,4997
577.82743629919923,4935
577.91526968057428,4834
578.00310253236432,4788
578.09093485438916,4681
578.17876664646872,4612
578.26659790842314,4561
578.35442864007234,4479
578.44225884123637,4380
578.530088511735,4297
578.61791765138855,4234
578.705746260017,4204
578.79357433744019,4104
578.88140188347813,4123
578.9692288979511,3979
579.057055380679,3952
579.14488133148188,3999
579.23270675017955,3910
579.32053163659248,3856
579.40835599054037,3889
579.49617981184349,3858
579.58400310032187,3784
579.67182585579565,3729
579.75964807808475,3761
579.84746976700933,3724
579.93529092238953,3706
580.02311154404515,3725
580.11093163179692,3678
580.19875118546429,3669
580.28657020486764,3631
580.37438868982713,3603
580.46220664016289,3631
580.550024055695,3545
580.63784093624361,3559
580.72565728162863,3497
580.81347309167074,3641
580.90128836618942,3627
580.98910310500537,3483
581.07691730793852,3542
581.16473097480912,3544
581.25254410543721,3560
581.340356699643,3605
581.42816875724691,3539
581.5159802780687,3506
581.6037912619289,3527
581.69160170864757,3613
581.779411618045,3609
581.86722098994142,3578
581.95502982415678,3582
582.04283812051153,3555
582.13064587882593,3615
582.21845309892024,3611
582.30625978061448,3534
582.394065923729,3588
582.48187152808418,3716
582.56967659350016,3626
582.65748111979713,3664
582.74528510679545,3709
582.83308855431528,3703
582.92089146217711,3701
583.00869383020108,3706
583.09649565820735,3681
583.18429694601639,3776
583.27209769344859,3706
583.35989790032409,3818
583.44769756646315,3692
583.53549669168626,3714
583.62329527581358,3832
583.71109331866546,3764
583.79889082006241,3812
583.88668777982457,3783
583.97448419777231,3828
584.06228007372613,3844
584.15007540750616,3844
584.2378701989328,3861
584.32566444782663,3881
584.4134581540078,3928
584.50125131729692,3874
584.589043937514,3941
584.67683601447959,4013
584.76462754801435,3948
584.85241853793832,3953
584.940208984072,4004
585.027998886236,3996
585.11578824425044,4025
585.20357705793583,4020
585.29136532711289,4104
585.37915305160152,4186
585.46694023122257,4107
585.55472686579628,4118
585.64251295514327,4217
585.7302984990838,4160
585.81808349743858,4186
585.90586795002775,4198
585.993651856672,4204
586.08143521719182,4274
586.16921803140747,4299
586.2570002991398,4268
586.344782020209,4357
586.4325631944356,4383
586.52034382164027,4266
586.60812390164324,4299
586.69590343426535,4331
586.783682419327,4442
586.87146085664858,4402
586.9592387460508,4443
587.04701608735411,4356
587.13479288037911,4495
587.22256912494629,4511
587.31034482087614,4594
587.39811996798949,4538
587.48589456610659,4630
587.57366861504806,4585
587.66144211463472,4576
587.749215064687,4551
587.83698746502535,4654
587.92475931547051,4714
588.01253061584316,4669
588.10030136596379,4756
588.188071565653,4696
588.27584121473137,4720
588.36361031301965,4811
588.45137886033842,4766
588.53914685650818,4740
588.62691430134987,4765
588.714681194684,4792
588.80244753633087,4771
588.89021332611173,4848
588.97797856384682,4832
589.06574324935684,4813
589.15350738246275,4770
589.2412709629848,4892
589.32903399074416,4837
589.41679646556111,4918
589.50455838725657,4830
589.59231975565115,4825
589.68008057056568,4943
589.76784083182065,4828
589.85560053923689,4951
589.94335969263511,4977
590.03111829183615,4884
590.11887633666072,4976
590.20663382692942,4847
590.29439076246308,4934
590.38214714308242,4866
590.46990296860815,4829
590.55765823886134,4919
590.64541295366223,4976
590.73316711283212,4875
590.82092071619149,4922
590.90867376356118,4935
590.996426254762,4940
591.08417818961482,4883
591.1719295679402,4913
591.25968038955921,4909
591.34743065429268,4914
591.43518036196122,4863
591.52292951238576,4914
591.61067810538714,4933
591.69842614078618,4989
591.78617361840372,4994
591.87392053806059,4925
591.96166689957772,4892
592.049412702776,4800
592.137157947476,4999
592.224902633499,4927
592.31264676066564,4927
592.4003903287969,4886
592.48813333771352,4999
592.57587578723644,4947
592.66361767718672,4981
592.75135900738519,4873
592.83909977765268,4974
592.92683998781013,4962
593.01457963767848,4959
593.10231872707868,4880
593.19005725583168,4994
593.2777952237584,4890
593.3655326306797,4978
593.45326947641661,4939
593.5410057607902,5074
593.62874148362118,4991
593.71647664473085,4963
593.80421124393979,5059
593.8919452810693,4892
593.97967875594009,4992
594.06741166837344,5024
594.15514401819019,4999
594.24287580521138,4972
594.330607029258,5058
594.41833769015113,5143
594.50606778771157,4882
594.59379732176058,5017
594.6815262921192,5056
594.76925469860839,5085
594.85698254104921,5069
594.94470981926258,5014
595.0324365330697,5030
595.12016268229161,5128
595.20788826674948,5053
595.295613286264,5065
595.38333774065677,5177
595.47106162974842,5066
595.55878495336037,5037
595.64650771131357,5126
595.73422990342908,5109
595.82195152952818,4980
595.90967258943181,5168
595.997393082961,5155
596.08511300993712,5043
596.17283237018125,5113
596.26055116351438,5083
596.34826938975777,5125
596.43598704873261,5042
596.52370414026,5128
596.61142066416085,5130
596.69913662025681,5046
596.78685200836867,5141
596.87456682831771,5063
596.96228107992522,5170
597.04999476301236,5152
597.13770787740009,5119
597.22542042291,5207
597.313132399363,5273
597.40084380658038,5125
597.48855464438327,5262
597.576264912593,5224
597.66397461103088,5260
597.75168373951806,5192
597.83939229787575,5387
597.92710028592523,5243
598.01480770348769,5307
598.1025145503844,5361
598.19022082643676,5386
598.27792653146582,5311
598.365631665293,5313
598.45333622773967,5383
598.541040218627,5380
598.6287436377761,5369
598.71644648500865,5404
598.80414876014572,5393
598.89185046300861,5394
598.97955159341871,5599
599.06725215119729,5439
599.15495213616578,5531
599.24265154814532,5507
599.33035038695743,5467
599.41804865242341,5507
599.50574634436452,5483
599.59344346260229,5518
599.681140006958,5690
599.76883597725293,5632
599.85653137330848,5684
599.94422619494617,5659
600.03192044198727,5685
600.1196141142533,5608
600.20730721156553,5685
600.29499973374516,5659
600.382691680614,5721
600.47038305199339,5765
600.55807384770458,5650
600.64576406756908,5763
600.73345371140829,5756
600.82114277904373,5804
600.90883127029667,5882
600.99651918498887,5833
601.08420652294149,5916
601.171893283976,5871
601.25957946791414,5866
601.34726507457719,5889
601.43495010378672,5730
601.52263455536411,5903
601.61031842913087,5904
601.69800172490852,5955
601.78568444251857,5889
601.87336658178253,5999
601.96104814252192,5903
602.04872912455835,5813
602.13640952771323,5977
602.22408935180806,6035
602.31176859666448,5978
602.399447262104,6008
602.48712534794811,5879
602.57480285401846,5987
602.66247978013666,6010
602.75015612612412,6039
602.83783189180247,6084
602.92550707699343,5971
603.01318168151829,5879
603.100855705199,6006
603.18852914785691,5999
603.27620200931369,6027
603.363874289391,6101
603.45154598791032,6079
603.53921710469353,6084
603.62688763956191,6058
603.71455759233743,6003
603.80222696284147,6156
603.8898957508959,5961
603.97756395632223,6148
604.06523157894208,6097
604.1528986185773,6058
604.24056507504929,6024
604.32823094818,6073
604.415896237791,6001
604.503560943704,6079
604.59122506574056,6127
604.6788886037225,6024
604.76655155747153,6206
604.85421392680939,6100
604.94187571155771,6216
605.02953691153834,6137
605.11719752657268,6202
605.204857556483,6176
605.29251700109057,6263
605.38017586021738,6155
605.46783413368507,6348
605.55549182131563,6185
605.64314892293044,6199
605.73080543835158,6267
605.81846136740057,6214
605.90611670989961,6234
605.99377146567008,6303
606.081425634534,6274
606.169079216313,6239
606.256732210829,6309
606.34438461790387,6285
606.43203643735933,6303
606.51968766901734,6313
606.60733831269943,6372
606.69498836822765,6216
606.78263783542388,6392
606.87028671411008,6349
606.95793500410775,6319
607.045582705239,6330
607.13322981732563,6381
607.22087634018953,6402
607.30852227365256,6360
607.39616761753666,6451
607.48381237166359,6450
607.57145653585553,6421
607.65910010993412,6338
607.74674309372119,6334
607.834385487039,6540
607.92202728970926,6458
608.00966850155373,6376
608.09730912239468,6456
608.184949152054,6445
608.27258859035328,6535
608.36022743711487,6517
608.44786569216058,6469
608.53550335531236,6451
608.62314042639241,6491
608.71077690522225,6523
608.79841279162417,6518
608.88604808542,6534
608.973682786432,6623
609.06131689448193,6573
609.14895040939189,6473
609.236583330984,6538
609.32421565908,6605
609.41184739350206,6547
609.49947853407218,6535
609.58710908061244,6516
609.674739032945,6591
609.76236839089165,6634
609.84999715427466,6659
609.937625322916,6504
610.02525289663765,6602
610.112879875262,6567
610.20050625861074,6643
610.28813204650612,6660
610.37575723877023,6616
610.46338183522528,6707
610.55100583569322,6797
610.638629239996,6733
610.72625204795622,6684
610.81387425939556,6803
610.90149587413634,6776
610.98911689200077,6769
611.07673731281079,6568
611.16435713638862,6746
611.25197636255643,6720
611.33959499113644,6746
611.42721302195071,6809
611.51483045482144,6838
611.60244728957082,6957
611.690063526021,6907
611.77767916399432,6903
611.86529420331283,6964
611.95290864379865,6921
612.0405224852741,7079
612.12813572756158,6906
612.21574837048286,7041
612.30336041386056,6924
612.39097185751677,6939
612.47858270127369,7078
612.56619294495374,7040
612.65380258837877,6966
612.74141163137153,6977
612.8290200737539,7110
612.91662791534839,7175
613.00423515597709,7111
613.09184179546253,7111
613.17944783362668,7152
613.26705327029208,7236
613.35465810528092,7260
613.4422623384155,7226
613.52986596951826,7363
613.61746899841125,7302
613.705071424917,7317
613.79267324885791,7304
613.88027447005618,7443
613.96787508833415,7235
614.05547510351414,7270
614.14307451541868,7345
614.23067332386984,7257
614.31827152869027,7210
614.40586912970207,7271
614.493466126728,7228
614.58106251959009,7243
614.66865830811093,7330
614.75625349211271,7236
614.843848071418,7294
614.93144204584928,7328
615.01903541522893,7244
615.10662817937919,7153
615.19422033812248,7172
615.28181189128156,7244
615.36940283867864,7227
615.45699318013612,7236
615.54458291547655,7262
615.63217204452235,7225
615.71976056709616,7332
615.80734848302018,7158
615.89493579211694,7217
615.982522494209,7247
616.07010858911883,7238
616.157694076669,7183
616.24527895668189,7122
616.33286322898016,7262
616.42044689338616,7123
616.50802994972241,7120
616.59561239781158,7148
616.68319423747619,7326
616.77077546853866,7172
616.85835609082153,7257
616.94593610414745,7243
617.033515508339,7209
617.12109430321857,7139
617.208672488609,7180
617.29625006433253,7362
617.383827030212,7266
617.47140338607,7213
617.55897913172907,7227
617.64655426701165,7289
617.73412879174055,7218
617.82170270573829,7176
617.90927600882765,7289
617.996848700831,7372
618.08442078157111,7328
618.17199225087074,7319
618.25956310855236,7465
618.3471333544386,7285
618.43470298835211,7411
618.52227201011578,7396
618.60984041955214,7395
618.69740821648372,7359
618.7849754007334,7392
618.87254197212383,7509
618.96010793047765,7347
619.04767327561763,7385
619.1352380073663,7497
619.22280212554665,7535
619.31036562998122,7483
619.39792852049277,7442
619.48549079690417,7562
619.573052459038,7525
619.66061350671691,7510
619.74817393976389,7450
619.83573375800154,7541
619.92329296125263,7510
620.01085154934,7466
620.0984095220864,7645
620.18596687931461,7597
620.2735236208473,7544
620.36107974650758,7555
620.448635256118,7578
620.53619014950129,7583
620.62374442648058,7658
620.7112980868784,7584
620.79885113051762,7640
620.88640355722134,7675
620.973955366812,7547
621.06150655911267,7663
621.14905713394626,7636
621.23660709113551,7655
621.32415643050319,7733
621.41170515187252,7621
621.499253255066,7746
621.58680073990661,7787
621.67434760621734,7743
621.76189385382111,7639
621.84943948254067,7703
621.936984492199,7521
622.02452888261917,7578
622.11207265362384,7468
622.199615805036,7481
622.28715833667866,7543
622.37470024837489,7562
622.4622415399474,7421
622.54978221121917,7553
622.63732226201319,7453
622.72486169215256,7644
622.81240050145993,7429
622.89993868975887,7505
622.98747625687156,7562
623.07501320262156,7541
623.16254952683187,7600
623.25008522932512,7407
623.33762030992466,7554
623.42515476845335,7564
623.51268860473431,7567
623.60022181859051,7445
623.687754409845,7585
623.77528637832074,7569
623.86281772384086,7642
623.9503484462283,7554
624.0378785453064,7498
624.12540802089779,7598
624.21293687282616,7562
624.30046510091393,7406
624.38799270498453,7647
624.47551968486107,7369
624.56304604036654,7629
624.65057177132417,7635
624.73809687755681,7650
624.82562135888782,7411
624.91314521514039,7609
625.00066844613741,7615
625.08819105170221,7588
625.17571303165766,7578
625.26323438582722,7439
625.350755114034,7512
625.43827521610092,7594
625.52579469185139,7551
625.61331354110848,7483
625.70083176369542,7730
625.78834935943541,7567
625.87586632815146,7618
625.96338266966711,7481
626.05089838380525,7589
626.1384134703892,7618
626.2259279292424,7555
626.31344176018774,7620
626.40095496304855,7600
626.48846753764815,7616
626.57597948380965,7626
626.66349080135649,7605
626.75100149011178,7596
626.83851154989884,7635
626.926020980541,7548
627.01352978186139,7757
627.10103795368343,7655
627.18854549583034,7766
627.27605240812545,7646
627.363558690392,7643
627.45106434245338,7629
627.53856936413285,7651
627.62607375525386,7547
627.71357751563937,7618
627.80108064511307,7679
627.88858314349829,7664
627.97608501061825,7665
628.06358624629638,7727
628.15108685035591,7716
628.23858682262039,7589
628.32608616291316,7695
628.41358487105742,7604
628.50108294687675,7692
628.58858039019435,7787
628.6760772008339,7738
628.76357337861862,7659
628.85106892337194,7732
628.9385638349172,7723
629.026058113078,7787
629.11355175767778,7845
629.20104476853976,7614
629.28853714548745,7810
629.37602888834442,7654
629.46351999693411,7732
629.55101047107985,7808
629.6385003106052,7876
629.72598951533371,7743
629.81347808508872,7733
629.90096601969378,7737
629.98845331897246,7699
630.07593998274831,7800
630.16342601084443,7845
630.25091140308484,7857
630.33839615929287,7933
630.425880279292,7864
630.51336376290567,7823
630.60084660995756,7873
630.68832882027118,7874
630.77581039367021,7855
630.86329132997821,7936
630.95077162901839,7893
631.03825129061465,7901
631.12573031459067,7973
631.21320870076966,7864
631.30068644897551,7910
631.38816355903168,7888
631.47564003076184,8130
631.56311586398965,7892
631.65059105853857,7920
631.73806561423237,8028
631.8255395308945,7926
631.91301280834887,8090
632.000485446419,7959
632.08795744492841,7952
632.17542880370115,8043
632.26289952256025,8094
632.35036960132993,8086
632.43783903983365,8037
632.52530783789507,8023
632.612775995338,8215
632.700243511986,8119
632.78771038766286,8073
632.87517662219227,8194
632.962642215398,8063
633.05010716710353,8094
633.137571477133,8193
633.2250351453099,8167
633.312498171458,7996
633.39996055540087,8185
633.48742229696256,8143
633.57488339596682,8310
633.66234385223709,8153
633.7498036655976,8318
633.83726283587191,8197
633.92472136288347,8231
634.01217924645664,8308
634.09963648641508,8352
634.18709308258235,8452
634.27454903478247,8376
634.36200434283921,8227
634.44945900657638,8455
634.536913025818,8323
634.62436640038754,8427
634.71181913010912,8411
634.79927121480648,8451
634.88672265430353,8413
634.97417344842415,8575
635.06162359699226,8407
635.14907309983164,8363
635.23652195676607,8571
635.32397016761979,8505
635.41141773221648,8493
635.49886465037991,8557
635.58631092193423,8692
635.67375654670332,8702
635.761201524511,8677
635.8486458551813,8759
635.936089538538,8782
636.02353257440529,8693
636.11097496260709,8755
636.19841670296717,8795
636.28585779530954,8923
636.37329823945822,8862
636.46073803523734,8882
636.54817718247068,9043
636.63561568098226,8912
636.72305353059619,8926
636.81049073113638,9052
636.89792728242674,9106
636.98536318429149,9093
637.07279843655465,9237
637.16023303904012,9176
637.24766699157192,9045
637.33510029397428,9304
637.4225329460711,9401
637.5099649476864,9357
637.59739629864441,9367
637.68482699876915,9589
637.77225704788464,9834
637.85968644581487,9787
637.94711519238422,9826
638.03454328741645,9876
638.12197073073594,9764
638.20939752216668,9961
638.29682366153281,10156
638.38424914865834,10176
638.47167398336751,10195
638.55909816548456,10355
638.64652169483361,10110
638.73394457123845,10477
638.82136679452378,10379
638.90878836451338,10670
638.99620928103161,10665
639.08362954390248,10828
639.17104915295033,10577
639.25846810799919,10626
639.34588640887341,10696
639.43330405539723,10902
639.52072104739466,11033
639.60813738469017,10666
639.69555306710777,10716
639.7829680944717,10740
639.87038246660632,10760
639.95779618333586,10656
640.04520924448434,10743
640.13262164987634,10718
640.220033399336,10639
640.30744449268764,10481
640.3948549297553,10557
640.48226471036355,10370
640.56967383433664,10337
640.65708230149869,10319
640.744490111674,10274
640.8318972646872,10426
640.91930376036237,10229
641.0067095985238,10283
641.09411477899584,10035
641.181519301603,9999
641.26892316616943,10125
641.35632637251956,10059
641.44372892047761,10011
641.53113080986816,9946
641.61853204051545,9846
641.705932612244,10124
641.79333252487811,10005
641.880731778242,9759
641.96813037216032,9884
642.05552830645729,9862
642.14292558095747,9665
642.23032219548509,9893
642.31771814986485,9909
642.40511344392087,9728
642.49250807747785,9560
642.57990205036015,9745
642.66729536239211,9607
642.75468801339832,9658
642.84208000320325,9726
642.92947133163125,9648
643.0168619985069,9606
643.10425200365478,9764
643.1916413468989,9677
643.27903002806443,9743
643.36641804697547,9710
643.45380540345673,9642
643.54119209733244,9671
643.62857812842731,9573
643.71596349656591,9543
643.8033482015727,9520
643.8907322432724,9668
643.97811562148934,9541
644.06549833604811,9485
644.15288038677329,9532
644.24026177348958,9687
644.32764249602144,9651
644.41502255419346,9535
644.50240194783032,9531
644.5897806767565,9686
644.6771587407967,9650
644.76453613977549,9643
644.85191287351745,9545
644.93928894184728,9562
645.02666434458956,9599
645.11403908156888,9546
645.20141315261,9620
645.28878655753761,9473
645.37615929617641,9521
645.46353136835069,9566
645.55090277388547,9649
645.63827351260545,9529
645.7256435843351,9530
645.81301298889912,9750
645.90038172612242,9585
645.98774979582959,9612
646.07511719784543,9684
646.16248393199442,9489
646.24984999810158,9610
646.33721539599162,9660
646.424580125489,9858
646.51194418641865,9691
646.59930757860536,9673
646.68667030187385,9782
646.77403235604891,9732
646.86139374095535,9803
646.94875445641787,9771
647.03611450226117,9758
647.12347387831028,9819
647.21083258438989,9727
647.29819062032482,9778
647.38554798593975,9976
647.47290468105973,9786
647.56026070550956,9778
647.64761605911383,9952
647.73497074169757,9922
647.82232475308581,9926
647.909678093103,9899
647.99703076157425,9916
648.08438275832452,9970
648.17173408317854,9857
648.2590847359611,10008
648.34643471649724,10032
648.4337840246119,9932
648.52113266012987,10076
648.60848062287607,9939
648.69582791267533,9960
648.78317452935289,10175
648.87052047273346,9869
648.95786574264207,10046
649.04521033890353,10150
649.13255426134288,9985
649.21989750978491,10076
649.3072400840548,10089
649.39458198397756,10035
649.481923209378,10146
649.56926376008118,10181
649.65660363591212,10150
649.74394283669585,10225
649.83128136225719,10322
649.91861921242139,10103
650.00595638701338,10209
650.09329288585809,10311
650.18062870878077,10436
650.26796385560624,10290
650.35529832615964,10303
650.4426321202659,10428
650.52996523775039,10128
650.61729767843792,10354
650.70462944215376,10420
650.79196052872271,10210
650.87929093797,10336
650.9666206697209,10393
651.0539497238002,10349
651.14127810003333,10340
651.2286057982451,10494
651.31593281826088,10393
651.40325915990559,10461
651.49058482300461,10395
651.57790980738287,10472
651.66523411286573,10352
651.75255773927813,10465
651.83988068644521,10480
651.92720295419247,10356
652.01452454234493,10525
652.10184545072752,10488
652.18916567916563,10572
652.27648522748473,10446
652.36380409550952,10487
652.4511222830655,10506
652.538439789978,10493
652.625756616072,10688
652.71307276117284,10592
652.80038822510562,10556
652.8877030076959,10512
652.97501710876872,10663
653.06233052814935,10468
653.149643265663,10478
653.23695532113516,10657
653.324266694391,10602
653.41157738525555,10632
653.4988873935547,10494
653.58619671911322,10728
653.67350536175661,10579
653.76081332131025,10663
653.8481205975994,10703
653.93542719044922,10529
654.02273309968541,10845
654.110038325133,10591
654.19734286661753,10737
654.28464672396422,10745
654.37194989699856,10801
654.45925238554582,10752
654.5465541894315,10936
654.63385530848086,10847
654.72115574251939,10882
654.80845549137246,10751
654.89575455486545,10850
654.98305293282374,10864
655.07035062507282,10822
655.15764763143807,10822
655.24494395174509,10862
655.332239585819,10816
655.4195345334856,10905
655.50682879457008,11009
655.59412236889807,11064
655.68141525629494,10966
655.76870745658618,11167
655.85599896959741,11198
655.943289795154,11009
656.0305799330813,11104
656.11786938320506,11195
656.20515814535065,11042
656.29244621934367,11173
656.37973360500962,11336
656.46702030217409,11250
656.55430631066247,11331
656.64159163030047,11418
656.72887626091347,11263
656.8161602023273,11506
656.90344345436711,11496
656.990726016859,11430
657.07800788962811,11484
657.16528907250017,11498
657.25256956530086,11531
657.33984936785566,11439
657.4271284799903,11475
657.51440690153038,11524
657.60168463230127,11564
657.688961672129,11744
657.77623802083906,11639
657.863513678257,11733
657.95078864420839,11623
658.03806291851913,11746
658.12533650101477,11636
658.212609391521,11724
658.29988158986362,11792
658.38715309586792,11836
658.4744239093601,11835
658.56169403016554,11872
658.64896345811,11992
658.73623219301919,11986
658.823500234719,12003
658.910767583035,12103
658.99803423779281,12061
659.08530019881846,12106
659.1725654659374,12233
659.25983003897568,12085
659.3470939177588,12141
659.43435710211281,12143
659.52161959186321,12274
659.608881386836,12358
659.69614248685673,12294
659.78340289175139,12284
659.87066260134588,12325
659.95792161546569,12336
660.04517993393711,12528
660.13243755658539,12353
660.21969448323694,12498
660.306950713717,12314
660.394206247852,12596
660.48146108546746,12620
660.56871522638926,12512
660.65596867044337,12360
660.74322141745563,12466
660.830473467252,12559
660.91772481965813,12516
661.00497547450016,12588
661.09222543160377,12505
661.17947469079525,12651
661.2667232519002,12650
661.35397111474458,12672
661.44121827915444,12689
661.5284647449555,12685
661.615710511974,12499
661.70295558003579,12685
661.79019994896669,12644
661.87744361859279,12621
661.96468658874,12700
662.05192885923452,12715
662.139170429902,12821
662.22641130056877,12583
662.31365147106055,12717
662.40089094120344,12710
662.48812971082361,12690
662.5753677797469,12744
662.66260514779947,12727
662.74984181480727,12665
662.83707778059647,12674
662.9243130449928,12688
663.01154760782276,12809
663.09878146891208,12661
663.18601462808692,12917
663.27324708517358,12779
663.36047883999788,12708
663.44770989238611,12682
663.53494024216423,12650
663.62216988915839,12609
663.70939883319454,12664
663.79662707409921,12664
663.8838546116981,12618
663.97108144581773,12544
664.058307576284,12662
664.14553300292312,12678
664.23275772556121,12639
664.31998174402452,12624
664.4072050581392,12548
664.49442766773143,12674
664.58172778312928,12378
664.6695807108191,12236
664.75743312138,12329
664.8452850146308,12295
664.933136390391,12415
665.02098724847974,12314
665.108837588716,12335
665.19668741091925,12451
665.28453671490843,12251
665.372385500503,11998
665.460233767522,12345
665.54808151578482,12317
665.6359287451105,12123
665.72377545531822,12310
665.81162164622731,12065
665.89946731765713,12083
665.98731246942691,12205
666.07515710135567,12154
666.163001213263,12209
666.25084480496776,12142
666.33868787628944,12165
666.42653042704728,12060
666.51437245706063,12071
666.60221396614861,12202
666.69005495413069,12196
666.77789542082587,12056
666.865735366054,12205
666.95357478963365,11932
667.04141369138472,12211
667.12925207112619,12071
667.21708992867741,11922
667.304927263858,12043
667.39276407648686,11951
667.48060036638356,12017
667.56843613336753,12151
667.65627137725789,11858
667.744106097874,12031
667.83194029503545,12142
667.91977396856123,11900
668.007607118271,12006
668.09543974398412,11909
668.18327184551981,12108
668.27110342269759,12115
668.35893447533658,11973
668.44676500325647,12015
668.53459500627662,11968
668.62242448421625,11979
668.710253436895,11847
668.798081864132,11978
668.88590976574687,12109
668.9737371415589,12073
669.06156399138763,12047
669.14939031505253,11917
669.23721611237283,12101
669.32504138316824,12064
669.41286612725787,12134
669.50069034446153,11994
669.58851403459846,12138
669.67633719748812,11893
669.7641598329501,12183
669.85198194080374,12033
669.93980352086874,12096
670.02762457296421,12012
670.11544509691,12250
670.20326509252527,12115
670.29108455962989,11986
670.37890349804309,12084
670.46672190758454,12015
670.55453978807361,12123
670.64235713932976,12067
670.7301739611728,12081
670.81799025342218,12265
670.90580601589716,12112
670.99362124841764,12234
671.081435950803,12185
671.16925012287277,12264
671.25706376444657,12203
671.34487687534386,12127
671.43268945538421,12255
671.52050150438743,12191
671.60831302217287,12374
671.6961240085601,12217
671.78393446336884,12201
671.87174438641864,12232
671.959553777529,12247
672.04736263651967,12312
672.13517096321016,12062
672.22297875742015,12311
672.31078601896922,12283
672.398592747677,12411
672.48639894336316,12434
672.57420460584717,12308
672.66200973494892,12357
672.74981433048788,12315
672.83761839228384,12429
672.92542192015628,12539
673.013224913925,12553
673.10102737340958,12464
673.18882929842982,12555
673.27663068880531,12546
673.36443154435574,12486
673.4522318649008,12621
673.54003165026006,12365
673.62783090025357,12392
673.71562961470067,12671
673.80342779342129,12510
673.891225436235,12478
673.97902254296162,12682
674.06681911342082,12431
674.15461514743242,12674
674.242410644816,12546
674.33020560539148,12521
674.41800002897844,12709
674.50579391539679,12713
674.59358726446624,12681
674.68138007600658,12630
674.76917234983728,12594
674.8569640857786,12703
674.94475528365,12745
675.03254594327132,12629
675.12033606446244,12738
675.20812564704306,12735
675.29591469083289,12848
675.38370319565206,12672
675.47149116132027,12728
675.5592785876571,12819
675.64706547448236,12657
675.7348518216163,12715
675.8226376288784,12770
675.91042289608856,12797
675.99820762306683,12798
676.08599180963267,12701
676.17377545560635,12697
676.26155856080743,12909
676.34934112505584,12641
676.43712314817151,12885
676.52490462997434,12887
676.61268557028427,12808
676.70046596892087,12832
676.78824582570439,12640
676.87602514045454,12676
676.96380391299124,12910
677.05158214313451,12881
677.139359830704,12835
677.22713697552012,12748
677.31491357740231,12881
677.40268963617075,12741
677.49046515164525,12896
677.57824012364574,12907
677.66601455199236,12831
677.75378843650481,12864
677.84156177700334,12949
677.92933457330764,12904
678.01710682523776,12728
678.10487853261361,12954
678.19264969525545,12795
678.2804203129831,12895
678.36819038561634,12888
678.45595991297546,12683
678.54372889488025,12940
678.631497331151,12887
678.71926522160732,12891
678.80703256606955,12889
678.8947993643576,12924
678.98256561629148,12859
679.07033132169124,12968
679.15809648037691,12983
679.24586109216875,13098
679.33362515688646,12998
679.42138867435,13070
679.50915164438,12869
679.5969140667961,13025
679.6846759414185,13069
679.77243726806728,13060
679.86019804656246,12971
679.94795827672408,13098
680.0357179583724,12972
680.12347709132723,13276
680.21123567540928,13066
680.29899371043791,13211
680.38675119623372,13011
680.47450813261662,12956
680.56226451940688,13053
680.65002035642465,13215
680.73777564348984,13071
680.82553038042261,13095
680.91328456704343,13202
681.00103820317224,12881
681.08879128862907,13122
681.17654382323428,13016
681.26429580680815,13101
681.35204723917047,13098
681.43979812014163,13313
681.527548449542,13149
681.61529822719149,13238
681.70304745291037,13093
681.790796126519,13196
681.87854424783745,13213
681.96629181668584,13050
682.05403883288466,13120
682.14178529625383,13285
682.22953120661361,13205
682.3172765637845,12983
682.40502136758676,12844
682.49276561784018,13040
682.5805093143656,13001
682.66825245698271,12959
682.75599504551224,13129
682.84373707977409,13216
682.93147855958875,13148
683.0192194847765,13180
683.10695985515758,13119
683.19469967055215,13037
683.28243893078093,13154
683.37017763566359,13071
683.45791578502087,12876
683.54565337867314,13049
683.63339041644042,13139
683.72112689814332,13109
683.808862823602,12926
683.89659819263682,13074
683.984333005068,13062
684.07206726071615,13041
684.15980095940142,13115
684.24753410094434,12894
684.335266685165,13100
684.422998711884,13056
684.51073018092166,13056
684.59846109209843,13000
684.6861914452345,12979
684.77392124015046,12932
684.86165047666657,12935
684.94937915460332,12984
685.037107273781,12976
685.12483483402025,12929
685.21256183514117,13038
685.30028827696447,13097
685.38801415931039,12907
685.47573948199943,12828
685.56346424485207,12834
685.65118844768881,12926
685.7389120903299,13074
685.826635172596,12915
685.91435769430745,13025
686.00207965528466,12832
686.0898010553484,12863
686.17752189431872,12961
686.26524217201654,12930
686.35296188826214,12965
686.44068104287589,12747
686.5283996356784,13009
686.61611766649037,13012
686.70383513513207,12781
686.7915520414241,12944
686.879268385187,12905
686.96698416624133,12731
687.0546993844074,12863
687.14241403950609,12692
687.23012813135767,12822
687.31784165978286,12718
687.40555462460213,13196
687.4932670256361,12829
687.58097886270536,12715
687.66869013563041,12847
687.75640084423185,12809
687.84411098833027,12861
687.93182056774629,12674
688.01952958230049,12907
688.10723803181338,12789
688.19494591610578,12789
688.28265323499818,12786
688.37035998831118,12974
688.45806617586527,12872
688.54577179748151,12853
688.63347685298,12943
688.72118134218192,12886
688.80888526490753,12756
688.89658862097758,12882
688.98429141021279,12846
689.07199363243376,13010
689.1596952874612,12705
689.24739637511573,12775
689.33509689521793,12748
689.422796847589,12903
689.510496232049,12798
689.59819504841892,12818
689.68589329651945,12703
689.77359097617136,12774
689.86128808719513,12827
689.94898462941183,12682
690.03668060264192,12747
690.12437600670626,12752
690.21207084142554,12866
690.2997651066205,12746
690.38745880211184,12591
690.47515192772028,12702
690.56284448326676,12470
690.65053646857211,12585
690.73822788345672,12574
690.82591872774174,12594
690.91360900124778,12628
691.00129870379567,12729
691.08898783520624,12877
691.17667639530021,12476
691.2643643838984,12644
691.35205180082176,12508
691.43973864589088,12525
691.52742491892673,12703
691.61511061975011,12595
691.70279574818187,12621
691.79048030404272,12497
691.87816428715382,12503
691.96584769733568,12571
692.05353053440945,12600
692.14121279819562,12475
692.22889448851549,12330
692.31657560518966,12461
692.404256148039,12419
692.49193611688463,12462
692.5796155115471,12436
692.66729433184764,12384
692.75497257760708,12457
692.842650248646,12368
692.93032734478584,12338
693.018003865847,12273
693.10567981165082,12370
693.19335518201819,12466
693.28102997676979,12339
693.36870419572676,12370
693.45637783870984,12527
693.54405090554019,12374
693.63172339603875,12293
693.71939531002647,12302
693.80706664732429,12300
693.89473740775327,12177
693.98240759113423,12176
694.07007719728836,12464
694.15774622603658,12252
694.24541467719973,12337
694.3330825505991,12185
694.4207498460554,12270
694.50841656338991,12156
694.59608270242347,12156
694.68374826297713,12320
694.77141324487218,12227
694.85907764792933,12165
694.94674147196974,12061
695.03440471681461,12156
695.12206738228485,12177
695.20972946820143,12153
695.29739097438562,12195
695.38505190065825,12157
695.47271224684073,12185
695.560372012754,12294
695.64803119821909,12176
695.73568980305708,12203
695.82334782708926,12089
695.91100527013657,12297
695.99866213202006,12125
696.08631841256113,12124
696.17397411158061,12145
696.26162922889978,12052
696.34928376433982,12223
696.43693771772189,12155
696.52459108886694,12174
696.61224387759626,12083
696.699896083731,12074
696.78754770709247,12170
696.87519874750171,12199
696.96284920477979,11993
697.05049907874809,11965
697.13814836922757,11973
697.22579707603984,11994
697.31344519900563,12093
697.40109273794656,12011
697.48873969268345,12010
697.57638606303783,12059
697.66403184883075,12088
697.75167704988337,11890
697.83932166601733,12115
697.92696569705345,11953
698.01460914281324,12122
698.10225200311777,11981
698.18989427778831,12097
698.27753596664638,11953
698.365177069513,11818
698.45281758620945,12011
698.54045751655713,11950
698.62809686037735,11879
698.7157356174913,11989
698.80337378772026,12036
698.89101137088574,12074
698.9786483668089,11649
699.066284775311,11982
699.15392059621354,11997
699.2415558293377,12067
699.32919047450491,11795
699.41682453153635,11967
699.50445800025363,11958
699.59209088047794,11862
699.67972317203066,11942
699.7673548747332,11757
699.85498598840684,11931
699.942616512873,11826
700.030246447953,11766
700.11787579346844,11824
700.20550454924057,12024
700.293132715091,11809
700.38076029084073,11835
700.46838727631132,11771
700.55601367132442,11772
700.64363947570121,11713
700.7312646892633,11769
700.81888931183187,11951
700.90651334322877,11626
700.99413678327494,11818
701.08175963179224,11670
701.169381888602,11746
701.25700355352558,11690
701.34462462638476,11783
701.43224510700065,11756
701.51986499519489,11759
701.607484290789,11691
701.69510299360434,11756
701.78272110346279,11773
701.87033862018529,11590
701.95795554359381,11506
702.04557187350974,11665
702.13318760975437,11631
702.22080275214967,11764
702.30841730051691,11594
702.3960312546775,11553
702.4836446144534,11454
702.57125737966578,11518
702.65886955013627,11548
702.74648112568661,11521
702.83409210613831,11540
702.92170249131277,11577
703.00931228103184,11467
703.09692147511691,11637
703.18453007338974,11576
703.27213807567182,11467
703.35974548178478,11472
703.44735229155026,11484
703.53495850478976,11637
703.622564121325,11534
703.71016914097777,11602
703.79777356356942,11540
703.88537738892171,11533
703.97298061685638,11574
704.060583247195,11621
704.14818527975922,11419
704.23578671437076,11547
704.32338755085129,11404
704.41098778902244,11570
704.498587428706,11383
704.58618646972343,11566
704.67378491189663,11356
704.76138275504729,11402
704.84897999899715,11478
704.93657664356761,11484
705.02417268858085,11456
705.11176813385839,11415
705.199362979222,11398
705.28695722449322,11330
705.374550869494,11595
705.46214391404612,11313
705.54973635797126,11334
705.63732820109124,11446
705.72491944322758,11494
705.81251008420247,11330
705.90010012383721,11453
705.98768956195408,11291
706.07527839837451,11320
706.16286663292055,11317
706.25045426541374,11560
706.33804129567625,11323
706.4256277235296,11440
706.51321354879565,11377
706.60079877129613,11224
706.68838339085335,11229
706.77596740728859,11426
706.86355082042394,11321
706.95113363008136,11280
707.03871583608247,11271
707.12629743824925,11431
707.21387843640366,11202
707.30145883036755,11273
707.38903861996266,11260
707.476617805011,11391
707.56419638533441,11352
707.65177436075476,11251
707.73935173109408,11247
707.82692849617411,11112
707.914504655817,11114
708.00208020984451,11018
708.08965515807859,11059
708.17722950034135,11028
708.26480323645433,11278
708.35237636623992,11108
708.43994888951988,11057
708.52752080611606,11044
708.61509211585053,11124
708.70266281854538,11191
708.79023291402245,11109
708.87780240210384,11103
708.96537128261139,11150
709.05293955536706,10949
709.14050722019306,11084
709.22807427691146,11038
709.31564072534388,10932
709.40320656531264,11161
709.49077179663982,11033
709.57833641914726,10863
709.665900432657,11001
709.7534638369915,11017
709.84102663197211,10818
709.92858881742143,10918
710.01615039316141,10949
710.10371135901391,10789
710.19127171480125,10854
710.27883146034549,10956
710.3663905954686,10829
710.45394911999256,10928
710.54150703373989,10966
710.62906433653222,10957
710.71662102819209,11043
710.80417710854135,10992
710.89173257740219,10904
710.9792874345967,11003
711.06684167994706,10818
711.15439531327547,11030
711.241948334404,10962
711.32950074315488,10801
711.41705253935015,10852
711.504603722812,10680
711.5921542933628,10872
711.67970425082456,10667
711.76725359501938,10782
711.8548023257697,10889
711.94235044289735,10707
712.029897946225,10911
712.11744483557447,10805
712.20499111076822,10658
712.29253677162831,10885
712.38008181797716,10865
712.46762624963674,10886
712.55517006642947,10623
712.64271326817766,10767
712.73025585470327,10876
712.817797825829,10712
712.90533918137669,10752
712.99287992116876,10704
713.08042004502772,10766
713.16795955277553,10792
713.25549844423472,10828
713.34303671922726,10807
713.43057437757579,10806
713.51811141910252,10418
713.60564784362964,10831
713.69318365097968,10653
713.78071884097483,10769
713.8682534134374,10807
713.9557873681897,10809
714.04332070505438,10656
714.1308534238533,10756
714.21838552440931,10870
714.30591700654429,10613
714.3934478700811,10812
714.48097811484172,10823
714.56850774064878,10597
714.65603674732461,10718
714.74356513469149,10548
714.83109290257187,10653
714.91862005078826,10666
715.006146579163,10564
715.09367248751857,10603
715.18119777567722,10512
715.26872244346157,10604
715.35624649069393,10655
715.443769917197,10415
715.53129272279273,10740
715.618814907304,10565
715.7063364705532,10545
715.79385741236274,10750
715.881377732555,10614
715.96889743095267,10440
716.05641650737812,10561
716.14393496165383,10365
716.23145279360244,10352
716.31897000304616,10439
716.40648658980774,10529
716.49400255370961,10293
716.5815178945744,10338
716.66903261222444,10232
716.7565467064826,10411
716.84406017717106,10395
716.93157302411259,10195
717.01908524712962,10532
717.10659684604468,10320
717.19410782068053,10380
717.2816181708597,10459
717.36912789640451,10496
717.45663699713793,10397
717.54414547288229,10287
717.63165332346045,10325
717.7191605486945,10302
717.80666714840777,10052
717.89417312242222,10330
717.98167847056084,10110
718.06918319264616,10263
718.15668728850073,10214
718.24419075794731,10045
718.33169360080865,10232
718.41919581690718,10166
718.50669740606554,10253
718.59419836810673,10185
718.681698702853,10104
718.7691984101275,10144
718.85669748975238,10145
718.9441959415509,10155
719.03169376534515,10116
719.11919096095835,10052
719.20668752821291,10078
719.29418346693183,10016
719.38167877693752,10061
719.46917345805275,10031
719.55666751010051,10006
719.64416093290322,10116
719.73165372628387,9917
719.8191458900651,9977
719.90663742406969,9980
719.9941283281205,9986
720.08161860204018,9882
720.16910824565173,9829
720.25659725877756,9941
720.34408564124055,9842
720.43157339286381,10070
720.51906051346987,9926
720.60654700288171,9845
720.69403286092188,9950
720.78151808741347,9997
720.86900268217926,10000
720.956486645042,9858
721.04396997582455,9872
721.1314526743497,10051
721.21893474044055,9926
721.30641617391984,9881
721.39389697461024,9894
721.481377142335,9795
721.56885667691654,10017
721.65633557817807,9883
721.74381384594244,9919
721.83129148003252,9984
721.91876848027118,9794
722.00624484648131,9973
722.093720578486,9933
722.181195676108,9862
722.26867013917024,9894
722.35614396749588,10033
722.44361716090748,9969
722.53108971922836,9976
722.61856164228118,9936
722.70603292988915,9946
722.793503581875,9984
722.880973598062,9958
722.968442978273,9944
723.05591172233073,9937
723.14337983005851,9937
723.23084730127937,9932
723.318314135816,9967
723.40578033349175,9997
723.49324589412936,9880
723.580710817552,10007
723.66817510358283,9892
723.75563875204466,9981
723.84310176276063,10027
723.93056413555371,9828
724.018025870247,9885
724.10548696666376,10014
724.19294742462671,9764
724.2804072439593,9892
724.3678664244843,9994
724.45532496602482,9884
724.54278286840417,9899
724.63024013144536,9878
724.71769675497148,9831
724.80515273880553,9949
724.89260808277083,9832
724.98006278669038,9852
725.06751685038751,9909
725.15497027368508,9827
725.24242305640621,9843
725.32987519837434,9849
725.41732669941257,9821
725.50477755934378,9918
725.59222777799164,9844
725.67967735517868,9802
725.7671262907287,9827
725.85457458446456,9863
725.9420222362096,9793
726.0294692457868,9839
726.11691561301961,9833
726.20436133773114,9839
726.2918064197446,9811
726.37925085888332,9828
726.4666946549703,9745
726.55413780782931,9802
726.64158031728289,9649
726.72902218315471,9740
726.816463405268,9736
726.90390398344607,9654
726.991343917512,9564
727.07878320728935,9620
727.1662218526011,9639
727.25365985327073,9796
727.34109720912136,9707
727.42853391997653,9770
727.51596998565958,9700
727.60340540599361,9609
727.690840180802,9616
727.77827430990817,9457
727.86570779313536,9488
727.953140630307,9474
728.04057282124643,9505
728.128004365777,9525
728.21543526372193,9553
728.30286551490485,9433
728.390295119149,9678
728.4777240762777,9506
728.56515238611439,9388
728.65258004848238,9528
728.74000706320533,9496
728.82743343010657,9595
728.91485914900932,9541
729.00228421973725,9520
729.08970864211358,9532
729.17713241596175,9449
729.26455554110544,9474
729.35197801736774,9595
729.43939984457234,9596
729.52682102254278,9413
729.61424155110228,9568
729.70166143007452,9401
729.78908065928283,9401
729.87649923855088,9505
729.963917167702,9370
730.05133444655962,9528
730.13875107494744,9420
730.226167052689,9329
730.31358237960751,9402
730.40099705552689,9428
730.48841108027045,9480
730.57582445366165,9437
730.66323717552427,9371
730.75064924568176,9423
730.83806066395755,9353
730.92547143017532,9315
731.01288154415863,9442
731.10029100573115,9475
731.18769981471621,9431
731.27510797093771,9337
731.362515474219,9410
731.44992232438369,9476
731.53732852125563,9455
731.62473406465824,9531
731.7121389544152,9605
731.79954319035016,9498
731.88694677228659,9574
731.97434970004849,9547
732.06175197345908,9305
732.14915359234226,9467
732.2365545565217,9466
732.323954865821,9616
732.41135452006381,9507
732.49875351907383,9454
732.58615186267491,9517
732.6735495506905,9473
732.76094658294437,9661
732.84834295926032,9536
732.935738679462,9595
733.02313374337314,9659
733.11052815081757,9629
733.19792190161877,9674
733.28531499560052,9605
733.37270743258694,9544
733.46009921240136,9624
733.54749033486769,9711
733.63488079980982,9737
733.7222706070512,9593
733.809659756416,9641
733.89704824772775,9772
733.98443608081027,9615
734.0718232554874,9606
734.159209771583,9578
734.24659562892077,9734
734.33398082732469,9733
734.42136536661826,9725
734.50874924662571,9806
734.59613246717061,9832
734.683515028077,9888
734.77089692916854,9744
734.85827817026916,9993
734.9456587512027,9978
735.03303867179318,10039
735.12041793186438,9921
735.20779653124,10062
735.29517446974421,9880
735.38255174720075,10058
735.46992836343361,10160
735.55730431826657,9961
735.64467961152366,10205
735.73205424302887,10229
735.819428212606,10169
735.906801520079,10250
735.99417416527183,10323
736.08154614800844,10221
736.1689174681128,10365
736.2562881254089,10356
736.34365811972066,10578
736.43102745087208,10594
736.51839611868706,10566
736.60576412298974,10664
736.693131463604,10746
736.78049814035387,10576
736.86786415306335,10724
736.95522950155657,10913
737.04259418565732,10806
737.12995820519,10954
737.21732155997813,11184
737.30468424984622,11065
737.392046274618,11237
737.47940763411771,11375
737.56676832816936,11601
737.65412835659708,11579
737.74148771922478,11571
737.82884641587668,11872
737.91620444637681,11854
738.00356181054929,11938
738.09091850821835,12152
738.17827453920779,12288
738.265629903342,12308
738.352984600445,12494
738.44033863034088,12383
738.52769199285376,12920
738.615044687808,12879
738.70239671502736,12916
738.78974807433633,13039
738.877098765559,13054
738.96444878851946,13268
739.05179814304188,13399
739.13914682895063,13359
739.22649484606961,13462
739.3138421942233,13510
739.40118887323558,13480
739.48853488293094,13587
739.57588022313337,13536
739.66322489366723,13504
739.75056889435689,13411
739.83791222502634,13487
739.92525488549973,13166
740.01259687560173,13371
740.09993819515626,13316
740.18727884398766,13217
740.27461882192028,13231
740.36195812877816,13129
740.44929676438574,13120
740.53663472856738,12912
740.62397202114732,12862
740.71130864194981,12757
740.79864459079909,12652
740.88597986751972,12405
740.97331447193585,12470
741.06064840387182,12208
741.14798166315188,12343
741.23531424960049,12226
741.32264616304212,11937
741.40997740330079,11929
741.49730797020129,11670
741.58463786356754,11749
741.6719670832241,11531
741.75929562899557,11375
741.846623500706,11387
741.93395069818,11394
742.0212772212418,11133
742.10860306971585,11171
742.19592824342681,11005
742.2832527421989,10845
742.37057656585637,10856
742.45789971422391,10805
742.545222187126,10799
742.632543984387,10798
742.71986510583122,10566
742.80718555128317,10464
742.89450532056765,10343
742.98182441350878,10407
743.06914282993114,10375
743.1564605696592,10228
743.24377763251755,10068
743.33109401833065,10064
743.41840972692273,9972
743.50572475811873,10022
743.593039111743,9865
743.68035278762011,9884
743.76766578557442,9824
743.85497810543063,9627
743.94228974701343,9729
744.02960071014707,9706
744.11691099465622,9734
744.2042206003656,9662
744.29152952709956,9635
744.37883777468289,9381
744.46614534294008,9393
744.55345223169559,9433
744.64075844077422,9384
744.72806397000056,9381
744.81536881919919,9281
744.90267298819469,9140
744.98997647681176,9128
745.077279284875,9022
745.164581412209,8985
745.25188285863851,8924
745.33918362398811,8834
745.42648370808263,8861
745.51378311074654,8903
745.60108183180455,8899
745.68837987108134,8738
745.77567722840172,8803
745.86297390359027,8703
745.95026989647192,8775
746.037565206871,8596
746.12485983461249,8591
746.212153779521,8651
746.29944704142144,8585
746.38673962013831,8539
746.47403151549645,8525
746.56132272732066,8645
746.64861325543563,8458
746.73590309966619,8459
746.82319225983713,8375
746.91048073577315,8209
746.99776852729906,8370
747.08505563423967,8316
747.17234205641978,8220
747.25962779366409,8080
747.34691284579776,8189
747.43419721264513,8107
747.52148089403136,8164
747.60876388978113,8029
747.69604619971938,8070
747.7833278236709,8018
747.8706087614604,8126
747.95788901291314,8060
748.0451685778537,8078
748.13244745610689,7975
748.21972564749785,7906
748.30700315185118,7934
748.3942799689919,7876
748.48155609874493,7875
748.56883154093521,7849
748.65610629538764,7800
748.743380361927,7721
748.83065374037847,7761
748.91792643056692,7775
749.00519843231712,7712
749.0924697454542,7659
749.17974036980286,7661
749.26701030518848,7827
749.35427955143564,7810
749.44154810836937,7649
749.528815975815,7772
749.61608315359717,7540
749.703349641541,7658
749.79061543947148,7582
749.87788054721364,7555
749.96514496459247,7569
750.0524086914329,7601
750.1396717275602,7425
750.22693407279928,7540
750.31419572697507,7553
750.40145668991283,7523
750.4887169614376,7479
750.57597654137408,7576
750.66323542954785,7642
750.75049362578375,7492
750.83775112990691,7510
750.92500794174236,7564
751.01226406111516,7654
751.09951948785067,7482
751.1867742217737,7353
751.27402826270952,7450
751.36128161048316,7497
751.44853426492,7317
751.535786225845,7546
751.6230374930833,7435
751.71028806646007,7484
751.7975379458004,7431
751.88478713092957,7453
751.97203562167283,7383
752.05928341785523,7420
752.146530519302,7370
752.23377692583836,7546
752.3210226372895,7350
752.40826765348049,7357
752.49551197423671,7512
752.5827555993834,7366
752.66999852874574,7446
752.757240762149,7376
752.84448229941825,7338
752.931723140379,7291
753.01896328485634,7265
753.10620273267557,7184
753.193441483662,7234
753.28067953764094,7333
753.3679168944376,7190
753.45515355387738,7359
753.54238951578543,7210
753.629624779987,7164
753.71685934630773,7179
753.80409321457262,7281
753.89132638460717,7257
753.97855885623665,7202
754.06579062928654,7217
754.15302170358189,7141
754.2402520789484,7174
754.32748175521112,7135
754.41471073219566,7115
754.50193900972727,7225
754.58916658763144,7126
754.67639346573344,7081
754.76361964385876,7156
754.85084512183266,6974
754.93806989948064,7076
755.02529397662829,7092
755.11251735310077,7191
755.19974002872357,7246
755.28696200332229,7079
755.37418327672231,7097
755.461403848749,7058
755.54862371922775,7079
755.63584288798427,6893
755.72306135484371,6990
755.8102791196319,7064
755.89749618217411,6878
755.98471254229594,6961
756.07192819982276,6952
756.15914315458042,6892
756.24635740639394,6967
756.33357095508916,6850
756.42078380049145,6873
756.50799594242653,7004
756.59520738071978,6920
756.68241811519692,6976
756.76962814568333,6885
756.85683747200471,6828
756.94404609398646,6867
757.03125401145439,6800
757.1184612242339,6684
757.20566773215057,6851
757.29287353503025,6803
757.3800786326982,6618
757.46728302498036,6627
757.55448671170222,6789
757.64168969268928,6674
757.72889196776725,6793
757.816093536762,6775
757.9032943994988,6741
757.99049455580348,6706
758.07769400550171,6644
758.16489274841933,6671
758.25209078438172,6635
758.33928811321471,6620
758.426484734744,6404
758.51368064879523,6603
758.6008758551942,6557
758.68807035376653,6529
758.77526414433794,6662
758.86245722673414,6590
758.94964960078107,6581
759.03684126630412,6545
759.12403222312935,6546
759.21122247108235,6630
759.29841200998885,6615
759.38560083967468,6582
759.47278895996578,6604
759.55997637068765,6534
759.64716307166634,6536
759.73434906272746,6563
759.82153434369684,6518
759.9087189144002,6485
759.99590277466359,6555
760.08308592431274,6532
760.17026836317336,6495
760.25745009107152,6510
760.34463110783281,6475
760.43181141328319,6452
760.51899100724859,6547
760.606169889555,6470
760.69334806002792,6586
760.78052551849339,6501
760.86770226477734,6483
760.95487829870581,6422
761.04205362010441,6500
761.12922822879921,6412
761.21640212461625,6302
761.30357530738127,6382
761.39074777692019,6336
761.477919533059,6347
761.56509057562357,6289
761.65226090444,6227
761.73943051933429,6438
761.8265994201322,6460
761.91376760665969,6318
762.00093507874294,6325
762.08810183620778,6314
762.17526787888039,6396
762.26243320658648,6290
762.34959781915234,6409
762.43676171640379,6348
762.52392489816714,6308
762.611087364268,6403
762.6982491145327,6449
762.78541014878715,6430
762.8725704668575,6307
762.9597300685698,6212
763.04688895375011,6290
763.13404712222439,6231
763.22120457381868,6304
763.30836130835939,6364
763.39551732567236,6297
763.48267262558375,6301
763.56982720791962,6312
763.65698107250614,6201
763.74413421916938,6217
763.83128664773562,6148
763.9184383580307,6161
764.00558934988112,6192
764.09273962311272,6278
764.1798891775519,6269
764.26703801302472,6142
764.35418612935734,6181
764.44133352637573,6241
764.52848020390661,6046
764.61562616177582,6106
764.70277139980954,6080
764.789915917834,6096
764.8770597156755,6088
764.9642027931601,5940
765.05134515011423,6035
765.13848678636407,6045
765.22562770173579,5965
765.31276789605568,6006
765.39990736915,6034
765.48704612084509,5998
765.57418415096708,5918
765.66132145934239,6032
765.74845804579729,6057
765.83559391015785,6020
765.92272905225059,5987
766.00986347190167,5957
766.09699716893761,5986
766.18413014318469,5887
766.27126239446909,5925
766.35839392261732,5842
766.44552472745545,5822
766.53265480881009,5896
766.61978416650766,5928
766.70691280037431,5898
766.79404071023646,5812
766.8811678959205,5777
766.96829435725283,5797
767.05542009406,5740
767.14254510616809,5794
767.2296693934037,5773
767.31679295559331,5845
767.40391579256311,5760
767.49103790413983,5807
767.57815929014964,5732
767.66527995041929,5714
767.75239988477483,5772
767.839519093043,5806
767.92663757505022,5735
768.01375533062287,5822
768.10087235958758,5799
768.18798866177065,5685
768.2751042369988,5752
768.36221908509822,5553
768.44933320589587,5754
768.53644659921781,5634
768.6235592648909,5672
768.71067120274142,5618
768.79778241259623,5594
768.88489289428139,5567
768.97200264762387,5613
769.05911167245006,5641
769.14621996858648,5654
769.23332753585987,5576
769.32043437409664,5581
769.40754048312363,5497
769.494645862767,5630
769.58175051285389,5570
769.6688544332103,5668
769.75595762366345,5604
769.84306008403973,5535
769.93016181416556,5555
770.01726281386777,5503
770.10436308297312,5534
770.191462621308,5549
770.27856142869928,5565
770.36565950497356,5471
770.4527568499575,5345
770.53985346347793,5423
770.62694934536125,5426
770.71404449543434,5456
770.80113891352391,5410
770.8882325994565,5540
770.97532555305906,5504
771.06241777415823,5587
771.14950926258075,5448
771.23660001815335,5487
771.32369004070279,5494
771.41077933005568,5473
771.4978678860391,5460
771.58495570847947,5441
771.67204279720386,5416
771.75912915203878,5351
771.84621477281121,5310
771.933299659348,5316
772.02038381147577,5467
772.10746722902149,5304
772.19454991181181,5336
772.28163185967378,5362
772.368713072434,5332
772.45579354991935,5285
772.542873291957,5297
772.62995229837338,5277
772.71703056899571,5335
772.80410810365049,5276
772.89118490216492,5302
772.97826096436575,5321
773.06533629007993,5403
773.15241087913421,5362
773.23948473135567,5309
773.32655784657106,5338
773.41363022460757,5282
773.500701865292,5333
773.587772768451,5309
773.67484293391192,5225
773.76191236150157,5386
773.84898105104685,5344
773.93604900237483,5275
774.02311621531248,5205
774.11018268968667,5266
774.19724842532446,5164
774.28431342205283,5102
774.37137767969864,5148
774.45844119808919,5197
774.54550397705145,5076
774.63256601641217,5207
774.71962731599865,5142
774.80668787563786,5217
774.89374769515678,5210
774.98080677438247,5124
775.06786511314215,5131
775.15492271126277,5171
775.24197956857131,5189
775.32903568489508,5261
775.41609106006092,5082
775.503145693896,5184
775.59019958622764,5053
775.67725273688279,5057
775.76430514568847,4961
775.85135681247186,5019
775.9384077370604,5035
775.9878554162915,4985
776.07535020221121,5024
776.16284436445494,4989
776.25033790284465,4980
776.33783081720276,5084
776.42532310735157,4982
776.51281477311318,5024
776.6003058143101,4984
776.68779623076421,4918
776.775286022298,4928
776.86277518873385,4961
776.95026372989389,4932
777.03775164560034,4938
777.12523893567572,4893
777.21272559994225,4895
777.30021163822209,4858
777.38769705033769,4934
777.47518183611135,4833
777.56266599536548,4866
777.65014952792217,4870
777.73763243360406,4818
777.82511471223336,4887
777.91259636363236,4811
778.00007738762349,4844
778.08755778402906,4769
778.17503755267137,4887
778.26251669337307,4852
778.34999520595636,4676
778.43747309024343,4709
778.52495034605715,4766
778.61242697321961,4690
778.69990297155312,4694
778.78737834088031,4721
778.87485308102339,4724
778.96232719180512,4731
779.04980067304757,4726
779.1372735245734,4647
779.224745746205,4684
779.31221733776488,4701
779.39968829907525,4688
779.4871586299588,4654
779.57462833023794,4632
779.66209739973522,4722
779.74956583827293,4610
779.83703364567373,4684
779.92450082176,4609
780.01196736635438,4650
780.0994332792792,4581
780.18689856035712,4524
780.27436320941058,4631
780.36182722626211,4563
780.44929061073435,4645
780.53675336264951,4655
780.62421548183056,4524
780.71167696809982,4588
780.79913782127983,4621
780.88659804119311,4559
780.97405762766255,4673
781.06151658051033,4563
781.14897489955911,4609
781.23643258463164,4596
781.32388963555047,4596
781.41134605213813,4553
781.49880183421715,4536
781.58625698161029,4486
781.67371149414009,4488
781.76116537162932,4484
781.84861861390027,4549
781.936071220776,4422
782.02352319207876,4510
782.11097452763147,4523
782.19842522725662,4457
782.28587529077708,4507
782.37332471801517,4472
782.46077350879386,4522
782.54822166293593,4485
782.63566918026368,4442
782.72311606060009,4431
782.81056230376771,4464
782.8980079095893,4444
782.98545287788761,4376
783.0728972084853,4473
783.160340901205,4401
783.24778395586975,4390
783.33522637230192,4414
783.42266815032451,4305
783.51010928976007,4400
783.59754979043157,4393
783.68498965216168,4394
783.77242887477314,4357
783.85986745808862,4449
783.94730540193109,4359
784.03474270612321,4373
784.12217937048786,4403
784.20961539484779,4474
784.29705077902577,4366
784.38448552284467,4371
784.47191962612726,4418
784.5593530886963,4398
784.64678591037489,4287
784.73421809098556,4377
784.82164963035143,4295
784.909080528295,4339
784.99651078463944,4253
785.08394039920734,4208
785.17136937182192,4235
785.25879770230574,4186
785.34622539048178,4152
785.43365243617291,4260
785.52107883920212,4298
785.60850459939218,4229
785.69592971656607,4318
785.78335419054667,4305
785.87077802115687,4195
785.95820120821963,4195
786.045623751558,4139
786.13304565099463,4202
786.22046690635273,4193
786.30788751745524,4131
786.39530748412483,4066
786.4827268061847,4095
786.57014548345785,4164
786.65756351576715,4161
786.74498090293571,4130
786.83239764478628,4104
786.919813741142,4182
787.0072291918259,4107
787.09464399666092,4150
787.18205815547,4077
787.26947166807645,4082
787.356884534303,4079
787.44429675397282,4065
787.53170832690887,4110
787.61911925293418,4115
787.706529531872,4048
787.79393916354513,4008
787.88134814777675,3998
787.96875648438993,3967
788.05616417320778,3908
788.14357121405328,4012
788.23097760674966,3997
788.31838335111979,4029
788.405788446987,3965
788.49319289417429,3890
788.58059669250486,3810
788.66799984180159,3799
788.75540234188782,3991
788.84280419258675,4005
788.93020539372151,3950
789.017605945115,3951
789.10500584659064,3882
789.19240509797123,3899
789.27980369908039,3898
789.36720164974088,3881
789.45459894977625,3796
789.54199559900951,3801
789.62939159726363,3912
789.71678694436218,3845
789.80418164012826,3776
789.89157568438486,3826
789.97896907695554,3859
790.06636181766328,3860
790.15375390633119,3799
790.24114534278294,3822
790.32853612684141,3854
790.41592625832993,3745
790.50331573707183,3850
790.59070456289021,3800
790.67809273560852,3797
790.76548025505,3769
790.85286712103778,3802
790.94025333339539,3770
791.02763889194591,3649
791.11502379651279,3748
791.20240804691923,3754
791.28979164298846,3745
791.37717458454381,3752
791.46455687140906,3806
791.551938503407,3784
791.63931948036111,3711
791.7266998020948,3826
791.81407946843149,3898
791.90145847919428,3756
791.98883683420672,3772
792.07621453329227,3801
792.16359157627414,3746
792.25096796297578,3742
792.33834369322039,3755
792.42571876683178,3690
792.51309318363292,3674
792.6004669434476,3747
792.68784004609893,3685
792.77521249141046,3698
792.86258427920552,3759
792.94995540930768,3653
793.03732588154037,3726
793.12469569572693,3675
793.21206485169091,3708
793.29943334925565,3596
793.38680118824482,3776
793.47416836848174,3721
793.56153488979,3734
793.64890075199276,3725
793.736265954914,3712
793.82363049837682,3704
793.91099438220488,3774
793.9983576062217,3802
794.08572017025085,3729
794.17308207411577,3730
794.26044331764,3678
794.347803900647,3654
794.43516382296059,3632
794.522523084404,3679
794.60988168480117,3725
794.69723962397518,3622
794.78459690174986,3655
794.87195351794878,3628
794.95930947239549,3636
795.04666476491366,3778
795.13401939532673,3614
795.22137336345838,3658
795.30872666913228,3621
795.39607931217188,3732
795.48343129240106,3656
795.57078260964329,3656
795.65813326372211,3763
795.74548325446142,3667
795.83283258168456,3645
795.92018124521553,3667
796.00752924487756,3658
796.09487658049466,3585
796.18222325189049,3543
796.2695692588884,3623
796.35691460131261,3633
796.44425927898635,3608
796.5316032917334,3611
796.61894663937767,3573
796.70628932174282,3672
796.7936313386524,3620
796.88097268993033,3596
796.96831337540016,3620
797.05565339488567,3650
797.14299274821087,3589
797.2303314351991,3602
797.31766945567438,3533
797.40500680946047,3540
797.49234349638107,3530
797.57967951626,3490
797.66701486892077,3495
797.75434955418768,3468
797.84168357188423,3511
797.9290169218342,3486
798.01634960386139,3470
798.10368161778968,3416
798.19101296344309,3504
798.27834364064506,3467
798.36567364921973,3496
798.45300298899087,3494
798.54033165978217,3429
798.62765966141762,3553
798.71498699372125,3542
798.80231365651662,3474
798.88963964962772,3526
798.97696497287848,3405
799.06428962609277,3454
799.15161360909451,3439
799.23893692170759,3388
799.3262595637558,3371
799.41358153506326,3295
799.50090283545364,3439
799.5882234647512,3323
799.6755434227797,3319
799.76286270936293,3409
799.850181324325,3401
799.93749926749,3327
800.02481653868165,3335
800.11213313772384,3382
800.199449064441,3374
800.28676431865665,3289
800.374078900195,3351
800.46139280887985,3362
800.54870604453549,3337
800.63601860698577,3309
800.7233304960547,3336
800.8106417115664,3348
800.89795225334478,3238
800.98526212121385,3206
801.07257131499762,3239
801.15987983452044,3146
801.2471876796061,3213
801.33449485007861,3210
801.42180134576222,3198
801.50910716648093,3250
801.59641231205876,3274
801.68371678232,3255
801.77102057708828,3201
801.85832369618811,3276
801.94562613944368,3188
802.03292790667888,3154
802.12022899771785,3214
802.2075294123847,3262
802.29482915050357,3242
802.3821282118987,3279
802.46942659639421,3235
802.55672430381424,3188
802.64402133398266,3201
802.7313176867242,3200
802.81861336186262,3108
802.90590835922217,3114
802.99320267862709,3023
803.08049631990161,3166
803.16778928286988,3068
803.255081567356,3147
803.34237317318446,3098
803.42966410017914,3042
803.51695434816452,3127
803.60424391696483,3109
803.6915328064041,3176
803.77882101630678,3157
803.866108546497,3191
803.95339539679912,3172
804.04068156703727,3084
804.1279670570359,3143
804.21525186661927,3133
804.30253599561138,3156
804.38981944383693,3046
804.47710221111993,3094
804.56438429728473,3065
804.65166570215581,3093
804.73894642555729,3050
804.82622646731363,2974
804.913505827249,3014
805.00078450518788,2992
805.08806250095472,3086
805.17533981437361,3085
805.26261644526915,3026
805.34989239346544,3055
805.43716765878719,3119
805.52444224105852,3147
805.61171614010391,3115
805.6989893557477,3096
805.78626188781448,3099
805.87353373612825,3099
805.96080490051384,3056
806.04807538079547,2996
806.13534517679761,3104
806.22261428834474,3129
806.30988271526121,3131
806.39715045737148,3026
806.48441751450014,3046
806.57168388647142,3011
806.65894957310991,2992
806.74621457424007,2996
806.83347888968638,3060
806.92074251927352,2969
807.00800546282562,2963
807.0952677201675,2974
807.18252929112339,2988
807.26979017551787,2994
807.35705037317575,2910
807.44430988392128,3074
807.531568707579,3014
807.61882684397347,3007
807.7060842929294,3062
807.7933410542712,2953
807.88059712782319,3057
807.96785251341043,2979
808.05510721085727,3003
808.14236121998829,2902
808.229614540628,2882
808.31686717260106,2958
808.4041191157321,2904
808.49137036984575,2928
808.5786209347666,2894
808.66587081031912,2889
808.75311999632822,3011
808.84036849261827,2867
808.92761629901406,2798
809.01486341534019,2896
809.10210984142145,2920
809.18935557708221,2898
809.27660062214727,2929
809.36384497644156,2927
809.45108863978953,2973
809.5383316120159,2849
809.62557389294511,2917
809.71281548240233,2921
809.800056380212,2920
809.88729658619889,2864
809.97453610018772,2896
810.06177492200311,2838
810.14901305147009,2853
810.23625048841313,2856
810.323487232657,2826
810.41072328402674,2782
810.49795864234682,2711
810.585193307442,2713
810.6724272791372,2741
810.75966055725712,2826
810.84689314162665,2801
810.93412503207048,2744
811.02135622841342,2787
811.1085867304804,2820
811.1958165380961,2813
811.28304565108544,2857
811.37027406927325,2847
811.45750179248432,2801
811.54472882054336,2695
811.63195515327561,2768
811.71918079050556,2803
811.80640573205812,2719
811.89362997775834,2858
811.980853527431,2779
812.06807638090118,2806
812.15529853799319,2765
812.24251999853266,2746
812.329740762344,2718
812.41696082925239,2672
812.50418019908273,2698
812.59139887165975,2664
812.6786168468085,2729
812.76583412435377,2661
812.853050704121,2723
812.94026658593441,2686
813.02748176961961,2681
813.11469625500149,2670
813.20191004190451,2699
813.28912313015428,2644
813.37633551957526,2714
813.46354720999273,2723
813.5507582012317,2615
813.63796849311723,2685
813.72517808547411,2759
813.81238697812739,2743
813.89959517090256,2695
813.986802663624,2676
814.074009456117,2732
814.16121554820677,2667
814.24842093971836,2721
814.33562563047667,2726
814.42282962030674,2636
814.51003290903384,2667
814.597235496483,2656
814.68443738247913,2670
814.77163856684763,2574
814.85883904941329,2589
814.94603883000138,2668
815.03323790843706,2570
815.12043628454546,2633
815.20763395815175,2589
815.29483092908083,2568
815.382027197158,2684
815.46922276220846,2618
815.5564176240573,2644
815.64361178252966,2622
815.73080523745091,2637
815.817997988646,2626
815.90519003594022,2611
815.99238137915881,2652
816.0795720181269,2572
816.16676195266973,2569
816.25395118261247,2605
816.34113970778026,2633
816.42832752799859,2580
816.5155146430925,2568
816.60270105288726,2606
816.68988675720811,2649
816.77707175588057,2641
816.86425604872943,2624
816.95143963558019,2634
817.0386225162581,2522
817.12580469058867,2547
817.21298615839692,2522
817.30016691950834,2525
817.38734697374809,2498
817.47452632094144,2579
817.561704960914,2584
817.64888289349062,2520
817.73606011849711,2561
817.82323663575858,2624
817.91041244510018,2457
817.99758754634763,2504
818.08476193932631,2572
818.17193562386115,2499
818.259108599778,2551
818.346280866902,2581
818.43345242505848,2538
818.52062327407316,2431
818.60779341377111,2572
818.69496284397769,2539
818.78213156451875,2488
818.86929957521932,2599
818.95646687590477,2599
819.043633466401,2477
819.13079934653308,2496
819.21796451612647,2449
819.30512897500682,2464
819.39229272299951,2454
819.47945575992981,2438
819.56661808562353,2473
819.653779699906,2407
819.74094060260279,2487
819.82810079353919,2489
819.91526027254088,2431
820.00241903943345,2445
820.08957709404217,2437
820.17673443619265,2491
820.26389106571071,2457
820.35104698242139,2426
820.43820218615087,2343
820.52535667672407,2512
820.61251045396693,2409
820.69966351770483,2375
820.78681586776361,2443
820.87396750396852,2358
820.9611184261455,2371
821.04826863411972,2299
821.13541812771734,2344
821.2225669067634,2299
821.309714971084,2309
821.39686232050451,2341
821.48400895485031,2370
821.57115487394765,2239
821.65830007762179,2313
821.74544456569834,2343
821.83258833800312,2292
821.91973139436186,2304
822.0068737346,2365
822.0940153585434,2292
822.18115626601752,2306
822.26829645684847,2337
822.35543593086163,2274
822.44257468788282,2307
822.52971272773777,2362
822.616850050252,2346
822.70398665525158,2271
822.791122542562,2251
822.878257712009,2271
822.96539216341853,2306
823.05252589661632,2215
823.13965891142777,2241
823.2267912076793,2222
823.313922785196,2249
823.40105364380418,2259
823.48818378332919,2261
823.57531320359726,2246
823.662441904434,2287
823.74956988566532,2204
823.83669714711675,2221
823.92382368861445,2241
824.01094950998424,2327
824.09807461105174,2298
824.18519899164289,2262
824.27232265158364,2212
824.35944559069981,2209
824.44656780881724,2197
824.53368930576187,2179
824.62081008135942,2193
824.707930135436,2228
824.79504946781753,2139
824.88216807832953,2189
824.96928596679845,2188
825.05640313304968,2169
825.14351957690951,2161
825.23063529820388,2167
825.31775029675873,2188
825.40486457239956,2154
825.49197812495311,2254
825.57909095424452,2185
825.66620306010054,2163
825.75331444234644,2170
825.84042510080872,2137
825.9275350353131,2183
826.01464424568587,2209
826.10175273175253,2204
826.18886049333946,2248
826.27596753027262,2153
826.36307384237818,2152
826.45017942948186,2182
826.53728429140983,2122
826.62438842798838,2109
826.71149183904345,2114
826.79859452440053,2106
826.8856964838867,2015
826.97279771732713,2135
827.05989822454842,2102
827.14699800537664,2153
827.23409705963763,2086
827.32119538715767,2077
827.408292987763,2135
827.49538986127959,2066
827.58248600753336,2151
827.66958142635076,2147
827.75667611755773,2109
827.84377008098045,2159
827.93086331644531,2147
828.01795582377827,2158
828.10504760280548,2101
828.19213865335325,2174
828.27922897524763,2173
828.36631856831491,2128
828.45340743238114,2190
828.54049556727261,2204
828.6275829728155,2096
828.71466964883621,2170
828.8017555951609,2091
828.88884081161564,2115
828.97592529802671,2117
829.0630090542204,2129
829.15009208002311,2098
829.237174375261,2091
829.32425593976018,2088
829.4113367733471,2034
829.49841687584808,2068
829.58549624708928,2015
829.67257488689722,2019
829.75965279509774,2026
829.84672997151756,2062
829.933806415983,2103
830.0208821283203,2031
830.10795710835566,2084
830.1950313559156,2095
830.28210487082652,2044
830.36917765291446,2090
830.45624970200618,2089
830.54332101792772,2070
830.6303916005055,2047
830.71746144956626,2117
830.80453056493593,2055
830.89159894644126,2064
830.97866659390843,2125
831.06573350716383,1980
831.15279968603409,2028
831.23986513034561,2043
831.32692983992456,1971
831.4139938145978,2100
831.50105705419128,1985
831.588119558532,1959
831.6751813274459,2001
831.76224236075984,1967
831.8493026583,2024
831.93636221989311,1993
832.02342104536558,1982
832.11047913454388,1995
832.19753648725452,2049
832.28459310332426,1976
832.37164898257913,2077
832.458704124846,1948
832.5457585299514,2048
832.63281219772171,1999
832.71986512798344,2056
832.80691732056346,2037
832.89396877528827,2006
832.981019491984,2002
833.06806947047789,2031
833.15511871059607,1913
833.242167212165,2042
833.329214975012,1934
833.41626199896291,1903
833.50330828384472,1953
833.59035382948412,1879
833.67739863570739,1904
833.76444270234128,1963
833.85148602921277,1952
833.93852861614812,1941
834.0255704629742,1936
834.11261156951764,1912
834.19965193560506,1962
834.28669156106332,1910
834.37373044571882,1877
834.4607685893983,1941
834.54780599192873,1909
834.63484265313662,1945
834.72187857284871,1936
834.80891375089163,1866
834.89594818709213,1867
834.98298188127728,1959
835.07001483327349,1998
835.15704704290749,1953
835.24407851000626,1958
835.33110923439642,1938
835.41813921590472,1974
835.505168454358,1949
835.59219694958313,1910
835.67922470140672,1966
835.76625170965576,1875
835.853277974157,1917
835.94030349473712,1885
836.02732827122315,1861
836.11435230344182,1915
836.20137559122008,1848
836.28839813438458,1886
836.37541993276227,1845
836.46244098618,1897
836.54946129446466,1914
836.63648085744319,1847
836.72349967494256,1904
836.81051774678929,1916
836.89753507281046,1913
836.98455165283315,1959
837.0715674866841,1966
837.15858257419029,2001
837.24559691517857,1940
837.332610509476,1920
837.41962335690948,1935
837.50663545730583,1903
837.59364681049226,1913
837.68065741629539,1954
837.76766727454253,1914
837.85467638506054,1974
837.94168474767616,1875
838.02869236221682,1895
838.11569922850924,1891
838.20270534638053,1871
838.28971071565763,1889
838.37671533616765,1858
838.46371920773754,1897
838.55072233019439,1925
838.63772470336539,1876
838.72472632707718,1911
838.81172720115717,1920
838.89872732543233,1921
838.98572669972953,1836
839.07272532387628,1933
839.15972319769946,1988
839.246720321026,1988
839.33371669368341,1889
839.42071231549812,1936
839.50770718629792,1911
839.59470130590967,1822
839.68169467416055,1912
839.76868729087755,1899
839.8556791558882,1875
839.94267026901923,1869
840.02966063009785,1863
840.11665023895148,1847
840.20363909540708,1835
840.290627199292,1905
840.37761455043324,1861
840.46460114865818,1855
840.55158699379388,1890
840.63857208566765,1848
840.7255564241068,1943
840.81254000893841,1864
840.89952283998957,1833
840.98650491708781,1847
841.07348624006045,1884
841.16046680873433,1813
841.247446622937,1915
841.33442568249563,1884
841.4214039872378,1875
841.50838153699044,1891
841.59535833158088,1943
841.68233437083666,1879
841.769309654585,1880
841.85628418265287,1894
841.943257954868,1938
842.03023097105756,1821
842.11720323104907,1786
842.20417473466966,1824
842.29114548174687,1787
842.37811547210777,1763
842.46508470558,1731
842.5520531819908,1778
842.63902090116767,1768
842.72598786293793,1783
842.81295406712889,1762
842.899919513568,1760
842.98688420208293,1770
843.07384813250064,1774
843.16081130464909,1770
843.24777371835523,1747
843.33473537344685,1720
843.42169626975112,1735
843.50865640709583,1745
843.59561578530815,1723
843.68257440421553,1712
843.76953226364571,1698
843.856489363426,1794
843.943445703384,1736
844.03040128334726,1695
844.11735610314292,1716
844.20431016259886,1659
844.29126346154237,1625
844.37821599980134,1709
844.46516777720285,1663
844.55211879357489,1673
844.63906904874466,1633
844.72601854254,1615
844.81296727478843,1622
844.89991524531729,1647
844.98686245395425,1643
845.07380890052707,1615
845.1607545848633,1578
845.24769950679035,1546
845.33464366613612,1535
845.421587062728,1563
845.50852969639379,1534
845.595471566961,1565
845.68241267425719,1577
845.76935301811045,1530
845.856292598348,1554
845.94323141479742,1502
846.0301694672869,1578
846.1171067556437,1555
846.20404327969561,1525
846.29097903927038,1511
846.37791403419578,1546
846.46484826429935,1535
846.55178172940884,1530
846.63871442935192,1503
846.72564636395646,1485
846.81257753305044,1487
846.89950793646108,1454
846.98643757401646,1455
847.07336644554414,1479
847.16029455087221,1448
847.24722188982821,1453
847.33414846224014,1477
847.42107426793518,1441
847.50799930674191,1403
847.59492357848785,1427
847.68184708300055,1386
847.76876982010833,1469
847.85569178963851,1435
847.94261299141942,1437
848.02953342527837,1471
848.1164530910437,1460
848.20337198854293,1417
848.29029011760429,1447
848.37720747805531,1440
848.46412406972388,1431
848.5510398924381,1450
848.63795494602584,1429
848.724869230315,1456
848.8117827451332,1484
848.89869549030891,1418
848.98560746566955,1380
849.07251867104321,1421
849.1594291062579,1379
849.2463387711415,1353
849.33324766552232,1399
849.42015578922769,1446
849.50706314208617,1413
849.5939697239254,1401
849.68087553457349,1408
849.76778057385832,1385
849.854684841608,1427
849.9415883376505,1333
850.028491061814,1394
